{
"type": "FeatureCollection",
"name": "damaged-roads",
"crs": { "type": "name", "properties": { "name": "urn:ogc:def:crs:OGC:1.3:CRS84" } },
"features": [
{ "type": "Feature", "properties": { "UseType": "track_grade2", "Asset": "Road", "Value": 400, "Details": null, "Structure": null, "Wall_Material": null, "Condition": null, "Admin1_Region": "Vaisigano", "Admin2_Region": "Vaisigano East", "WindGust_kmph": 135, "Fluvial_Inundation_m": 0.0, "Coastal_Inundation_m": 0.06, "Road_km": 0.010000000000844547, "Fluvial_Flood_Loss": 0, "Coastal_Flood_Loss": 7, "Loss": 7 }, "geometry": { "type": "LineString", "coordinates": [ [ -172.63551092056403, -13.508401628897817 ], [ -172.63557124670092, -13.508333178739418 ] ] } },
{ "type": "Feature", "properties": { "UseType": "service", "Asset": "Road", "Value": 400, "Details": null, "Structure": null, "Wall_Material": null, "Condition": null, "Admin1_Region": "Fa'asaleleage", "Admin2_Region": "Faasaleleaga I", "WindGust_kmph": 85, "Fluvial_Inundation_m": 0.0, "Coastal_Inundation_m": 0.23, "Road_km": 0.010000000001114845, "Fluvial_Flood_Loss": 0, "Coastal_Flood_Loss": 29, "Loss": 29 }, "geometry": { "type": "LineString", "coordinates": [ [ -172.217397599999543, -13.745058699999973 ], [ -172.217464852930249, -13.744996647253853 ] ] } },
{ "type": "Feature", "properties": { "UseType": "residential", "Asset": "Road", "Value": 953, "Details": null, "Structure": null, "Wall_Material": null, "Condition": null, "Admin1_Region": "Tuamasaga", "Admin2_Region": "Safata", "WindGust_kmph": 93, "Fluvial_Inundation_m": 0.0, "Coastal_Inundation_m": 0.07, "Road_km": 0.010000000001245382, "Fluvial_Flood_Loss": 0, "Coastal_Flood_Loss": 21, "Loss": 21 }, "geometry": { "type": "LineString", "coordinates": [ [ -171.862201425324713, -13.986828686246165 ], [ -171.862146412792129, -13.986755966435666 ] ] } },
{ "type": "Feature", "properties": { "UseType": "residential", "Asset": "Road", "Value": 953, "Details": null, "Structure": null, "Wall_Material": null, "Condition": null, "Admin1_Region": "Tuamasaga", "Admin2_Region": "Safata", "WindGust_kmph": 93, "Fluvial_Inundation_m": 0.0, "Coastal_Inundation_m": 0.07, "Road_km": 0.0099999999984921473, "Fluvial_Flood_Loss": 0, "Coastal_Flood_Loss": 21, "Loss": 21 }, "geometry": { "type": "LineString", "coordinates": [ [ -171.862146412792129, -13.986755966435666 ], [ -171.862091400294815, -13.986683246610273 ] ] } },
{ "type": "Feature", "properties": { "UseType": "residential", "Asset": "Road", "Value": 899, "Details": null, "Structure": null, "Wall_Material": null, "Condition": null, "Admin1_Region": "A'ana", "Admin2_Region": "Falelatai & Samatau", "WindGust_kmph": 90, "Fluvial_Inundation_m": 0.0, "Coastal_Inundation_m": 0.39, "Road_km": 0.0094420724707640138, "Fluvial_Flood_Loss": 0, "Coastal_Flood_Loss": 111, "Loss": 111 }, "geometry": { "type": "LineString", "coordinates": [ [ -172.033128126042101, -13.908456476939396 ], [ -172.033059399999843, -13.908509199999987 ] ] } },
{ "type": "Feature", "properties": { "UseType": "residential", "Asset": "Road", "Value": 953, "Details": null, "Structure": null, "Wall_Material": null, "Condition": null, "Admin1_Region": "A'ana", "Admin2_Region": "Aana Alofi III", "WindGust_kmph": 149, "Fluvial_Inundation_m": 0.0, "Coastal_Inundation_m": 0.37, "Road_km": 0.0099999999995439674, "Fluvial_Flood_Loss": 0, "Coastal_Flood_Loss": 114, "Loss": 114 }, "geometry": { "type": "LineString", "coordinates": [ [ -171.985754651323418, -13.830042631733173 ], [ -171.985765418824371, -13.82995283755289 ] ] } },
{ "type": "Feature", "properties": { "UseType": "residential", "Asset": "Road", "Value": 953, "Details": null, "Structure": null, "Wall_Material": null, "Condition": null, "Admin1_Region": "A'ana", "Admin2_Region": "Aana Alofi III", "WindGust_kmph": 149, "Fluvial_Inundation_m": 0.0, "Coastal_Inundation_m": 0.39, "Road_km": 0.0099999999986464371, "Fluvial_Flood_Loss": 0, "Coastal_Flood_Loss": 119, "Loss": 119 }, "geometry": { "type": "LineString", "coordinates": [ [ -171.985765418824371, -13.82995283755289 ], [ -171.985776186319384, -13.829863043372036 ] ] } },
{ "type": "Feature", "properties": { "UseType": "residential", "Asset": "Road", "Value": 953, "Details": null, "Structure": null, "Wall_Material": null, "Condition": null, "Admin1_Region": "A'ana", "Admin2_Region": "Aana Alofi III", "WindGust_kmph": 144, "Fluvial_Inundation_m": 0.0, "Coastal_Inundation_m": 0.42, "Road_km": 0.0099999999994107407, "Fluvial_Flood_Loss": 0, "Coastal_Flood_Loss": 128, "Loss": 128 }, "geometry": { "type": "LineString", "coordinates": [ [ -171.985776186319384, -13.829863043372036 ], [ -171.985786953808571, -13.829773249190616 ] ] } },
{ "type": "Feature", "properties": { "UseType": "residential", "Asset": "Road", "Value": 953, "Details": null, "Structure": null, "Wall_Material": null, "Condition": null, "Admin1_Region": "A'ana", "Admin2_Region": "Aana Alofi III", "WindGust_kmph": 144, "Fluvial_Inundation_m": 0.0, "Coastal_Inundation_m": 0.46, "Road_km": 0.0099999999991793442, "Fluvial_Flood_Loss": 0, "Coastal_Flood_Loss": 138, "Loss": 138 }, "geometry": { "type": "LineString", "coordinates": [ [ -171.985786953808571, -13.829773249190616 ], [ -171.985797721291846, -13.829683455008624 ] ] } },
{ "type": "Feature", "properties": { "UseType": "residential", "Asset": "Road", "Value": 953, "Details": null, "Structure": null, "Wall_Material": null, "Condition": null, "Admin1_Region": "A'ana", "Admin2_Region": "Aana Alofi III", "WindGust_kmph": 144, "Fluvial_Inundation_m": 0.0, "Coastal_Inundation_m": 0.46, "Road_km": 0.01000000000111257, "Fluvial_Flood_Loss": 0, "Coastal_Flood_Loss": 140, "Loss": 140 }, "geometry": { "type": "LineString", "coordinates": [ [ -171.985797721291846, -13.829683455008624 ], [ -171.985808488769237, -13.829593660826067 ] ] } },
{ "type": "Feature", "properties": { "UseType": "residential", "Asset": "Road", "Value": 953, "Details": null, "Structure": null, "Wall_Material": null, "Condition": null, "Admin1_Region": "A'ana", "Admin2_Region": "Aana Alofi III", "WindGust_kmph": 144, "Fluvial_Inundation_m": 0.0, "Coastal_Inundation_m": 0.46, "Road_km": 0.0099999999971900257, "Fluvial_Flood_Loss": 0, "Coastal_Flood_Loss": 140, "Loss": 140 }, "geometry": { "type": "LineString", "coordinates": [ [ -171.985808488769237, -13.829593660826067 ], [ -171.985819256240745, -13.829503866642941 ] ] } },
{ "type": "Feature", "properties": { "UseType": "primary", "Asset": "Road", "Value": 10479, "Details": "Main East Coast Road", "Structure": null, "Wall_Material": null, "Condition": null, "Admin1_Region": "Atua", "Admin2_Region": "Anoamaa West", "WindGust_kmph": 125, "Fluvial_Inundation_m": 0.0, "Coastal_Inundation_m": 0.23, "Road_km": 0.0099999999993759595, "Fluvial_Flood_Loss": 0, "Coastal_Flood_Loss": 94, "Loss": 94 }, "geometry": { "type": "LineString", "coordinates": [ [ -171.651114499999977, -13.8739976 ], [ -171.651051990220083, -13.874064272366521 ] ] } },
{ "type": "Feature", "properties": { "UseType": "primary", "Asset": "Road", "Value": 10479, "Details": "Main East Coast Road", "Structure": null, "Wall_Material": null, "Condition": null, "Admin1_Region": "Atua", "Admin2_Region": "Anoamaa West", "WindGust_kmph": 86, "Fluvial_Inundation_m": 0.0, "Coastal_Inundation_m": 0.28, "Road_km": 0.010000000001397462, "Fluvial_Flood_Loss": 0, "Coastal_Flood_Loss": 126, "Loss": 126 }, "geometry": { "type": "LineString", "coordinates": [ [ -171.630093118501293, -13.879057170954077 ], [ -171.630027092613972, -13.879120527543755 ] ] } },
{ "type": "Feature", "properties": { "UseType": "residential", "Asset": "Road", "Value": 953, "Details": null, "Structure": null, "Wall_Material": null, "Condition": null, "Admin1_Region": "Atua", "Admin2_Region": "Falealili", "WindGust_kmph": 114, "Fluvial_Inundation_m": 0.0, "Coastal_Inundation_m": 0.05, "Road_km": 0.0099999999971810659, "Fluvial_Flood_Loss": 0, "Coastal_Flood_Loss": 16, "Loss": 16 }, "geometry": { "type": "LineString", "coordinates": [ [ -171.681231744629571, -14.035535556439076 ], [ -171.681144442655238, -14.035565722499035 ] ] } },
{ "type": "Feature", "properties": { "UseType": "residential", "Asset": "Road", "Value": 953, "Details": null, "Structure": null, "Wall_Material": null, "Condition": null, "Admin1_Region": "Atua", "Admin2_Region": "Falealili", "WindGust_kmph": 114, "Fluvial_Inundation_m": 0.0, "Coastal_Inundation_m": 0.05, "Road_km": 0.010000000003979957, "Fluvial_Flood_Loss": 0, "Coastal_Flood_Loss": 16, "Loss": 16 }, "geometry": { "type": "LineString", "coordinates": [ [ -171.681144442655238, -14.035565722499035 ], [ -171.681057140656719, -14.035595888528436 ] ] } },
{ "type": "Feature", "properties": { "UseType": "residential", "Asset": "Road", "Value": 953, "Details": null, "Structure": null, "Wall_Material": null, "Condition": null, "Admin1_Region": "Atua", "Admin2_Region": "Falealili", "WindGust_kmph": 92, "Fluvial_Inundation_m": 0.0, "Coastal_Inundation_m": 0.09, "Road_km": 0.0099999999996069743, "Fluvial_Flood_Loss": 0, "Coastal_Flood_Loss": 27, "Loss": 27 }, "geometry": { "type": "LineString", "coordinates": [ [ -171.609850699999981, -14.0334044 ], [ -171.609797034819252, -14.033330713221469 ] ] } },
{ "type": "Feature", "properties": { "UseType": "residential", "Asset": "Road", "Value": 953, "Details": null, "Structure": null, "Wall_Material": null, "Condition": null, "Admin1_Region": "Atua", "Admin2_Region": "Falealili", "WindGust_kmph": 92, "Fluvial_Inundation_m": 0.0, "Coastal_Inundation_m": 0.18, "Road_km": 0.0099999999996069743, "Fluvial_Flood_Loss": 0, "Coastal_Flood_Loss": 54, "Loss": 54 }, "geometry": { "type": "LineString", "coordinates": [ [ -171.609797034819252, -14.033330713221469 ], [ -171.609743369673311, -14.033257026429204 ] ] } },
{ "type": "Feature", "properties": { "UseType": "residential", "Asset": "Road", "Value": 759, "Details": null, "Structure": null, "Wall_Material": null, "Condition": null, "Admin1_Region": "Atua", "Admin2_Region": "Falealili", "WindGust_kmph": 92, "Fluvial_Inundation_m": 0.0, "Coastal_Inundation_m": 0.18, "Road_km": 0.0079697348159812748, "Fluvial_Flood_Loss": 0, "Coastal_Flood_Loss": 43, "Loss": 43 }, "geometry": { "type": "LineString", "coordinates": [ [ -171.609743369673311, -14.033257026429204 ], [ -171.6097006, -14.033198299999988 ] ] } },
{ "type": "Feature", "properties": { "UseType": "unclassified", "Asset": "Road", "Value": 400, "Details": null, "Structure": null, "Wall_Material": null, "Condition": null, "Admin1_Region": "Tuamasaga", "Admin2_Region": "Safata", "WindGust_kmph": 94, "Fluvial_Inundation_m": 0.0, "Coastal_Inundation_m": 0.51, "Road_km": 0.0099999999984045716, "Fluvial_Flood_Loss": 0, "Coastal_Flood_Loss": 64, "Loss": 64 }, "geometry": { "type": "LineString", "coordinates": [ [ -171.802077311011857, -14.010254025242233 ], [ -171.802107099999972, -14.0102499 ], [ -171.802169071144846, -14.010241911308368 ] ] } },
{ "type": "Feature", "properties": { "UseType": "unclassified", "Asset": "Road", "Value": 400, "Details": null, "Structure": null, "Wall_Material": null, "Condition": null, "Admin1_Region": "Tuamasaga", "Admin2_Region": "Safata", "WindGust_kmph": 94, "Fluvial_Inundation_m": 0.0, "Coastal_Inundation_m": 0.62, "Road_km": 0.0099999999999210304, "Fluvial_Flood_Loss": 0, "Coastal_Flood_Loss": 70, "Loss": 70 }, "geometry": { "type": "LineString", "coordinates": [ [ -171.802169071144846, -14.010241911308368 ], [ -171.802212599999933, -14.0102363 ], [ -171.802259157847487, -14.010222387424006 ] ] } },
{ "type": "Feature", "properties": { "UseType": "footway", "Asset": "Road", "Value": 400, "Details": null, "Structure": null, "Wall_Material": null, "Condition": null, "Admin1_Region": "Atua", "Admin2_Region": "Aleipata itupa i Luga", "WindGust_kmph": 113, "Fluvial_Inundation_m": 0.0, "Coastal_Inundation_m": 0.07, "Road_km": 0.0099999999992777585, "Fluvial_Flood_Loss": 0, "Coastal_Flood_Loss": 9, "Loss": 9 }, "geometry": { "type": "LineString", "coordinates": [ [ -171.475897484569856, -14.043563527952218 ], [ -171.475918201534512, -14.043651653533914 ] ] } },
{ "type": "Feature", "properties": { "UseType": "residential", "Asset": "Road", "Value": 953, "Details": null, "Structure": null, "Wall_Material": null, "Condition": null, "Admin1_Region": "Atua", "Admin2_Region": "Falealili", "WindGust_kmph": 122, "Fluvial_Inundation_m": 0.0, "Coastal_Inundation_m": 0.17, "Road_km": 0.010000000001512977, "Fluvial_Flood_Loss": 0, "Coastal_Flood_Loss": 52, "Loss": 52 }, "geometry": { "type": "LineString", "coordinates": [ [ -171.680432963924403, -14.035846333656073 ], [ -171.680355827814708, -14.035896367288862 ] ] } },
{ "type": "Feature", "properties": { "UseType": "residential", "Asset": "Road", "Value": 953, "Details": null, "Structure": null, "Wall_Material": null, "Condition": null, "Admin1_Region": "Atua", "Admin2_Region": "Falealili", "WindGust_kmph": 122, "Fluvial_Inundation_m": 0.0, "Coastal_Inundation_m": 0.17, "Road_km": 0.0099999999989870674, "Fluvial_Flood_Loss": 0, "Coastal_Flood_Loss": 52, "Loss": 52 }, "geometry": { "type": "LineString", "coordinates": [ [ -171.680355827814708, -14.035896367288862 ], [ -171.680278691670907, -14.035946400898366 ] ] } },
{ "type": "Feature", "properties": { "UseType": "track", "Asset": "Road", "Value": 400, "Details": null, "Structure": null, "Wall_Material": null, "Condition": null, "Admin1_Region": "Atua", "Admin2_Region": "Aleipata itupa i Luga", "WindGust_kmph": 108, "Fluvial_Inundation_m": 0.0, "Coastal_Inundation_m": 0.25, "Road_km": 0.010000000001166824, "Fluvial_Flood_Loss": 0, "Coastal_Flood_Loss": 32, "Loss": 32 }, "geometry": { "type": "LineString", "coordinates": [ [ -171.468276481672234, -14.045136378691792 ], [ -171.468322900000032, -14.0451542 ], [ -171.468307863039797, -14.045193254333494 ] ] } },
{ "type": "Feature", "properties": { "UseType": "track", "Asset": "Road", "Value": 400, "Details": null, "Structure": null, "Wall_Material": null, "Condition": null, "Admin1_Region": "Atua", "Admin2_Region": "Aleipata itupa i Luga", "WindGust_kmph": 108, "Fluvial_Inundation_m": 0.0, "Coastal_Inundation_m": 0.25, "Road_km": 0.0099999999991290337, "Fluvial_Flood_Loss": 0, "Coastal_Flood_Loss": 32, "Loss": 32 }, "geometry": { "type": "LineString", "coordinates": [ [ -171.468307863039797, -14.045193254333494 ], [ -171.46829409999998, -14.045229 ], [ -171.468260462665455, -14.045269614234922 ] ] } },
{ "type": "Feature", "properties": { "UseType": "track", "Asset": "Road", "Value": 400, "Details": null, "Structure": null, "Wall_Material": null, "Condition": null, "Admin1_Region": "Atua", "Admin2_Region": "Aleipata itupa i Luga", "WindGust_kmph": 108, "Fluvial_Inundation_m": 0.0, "Coastal_Inundation_m": 0.24, "Road_km": 0.0099999999993055696, "Fluvial_Flood_Loss": 0, "Coastal_Flood_Loss": 31, "Loss": 31 }, "geometry": { "type": "LineString", "coordinates": [ [ -171.467996585446343, -14.045521888371781 ], [ -171.467931331074027, -14.045586051210547 ] ] } },
{ "type": "Feature", "properties": { "UseType": "track", "Asset": "Road", "Value": 400, "Details": null, "Structure": null, "Wall_Material": null, "Condition": null, "Admin1_Region": "Atua", "Admin2_Region": "Aleipata itupa i Luga", "WindGust_kmph": 108, "Fluvial_Inundation_m": 0.0, "Coastal_Inundation_m": 0.24, "Road_km": 0.010000000000631089, "Fluvial_Flood_Loss": 0, "Coastal_Flood_Loss": 31, "Loss": 31 }, "geometry": { "type": "LineString", "coordinates": [ [ -171.467931331074027, -14.045586051210547 ], [ -171.4679025, -14.0456144 ], [ -171.467869761855894, -14.045653458395556 ] ] } },
{ "type": "Feature", "properties": { "UseType": "service", "Asset": "Road", "Value": 400, "Details": null, "Structure": null, "Wall_Material": null, "Condition": null, "Admin1_Region": "Atua", "Admin2_Region": "Aleipata itupa i Luga", "WindGust_kmph": 92, "Fluvial_Inundation_m": 0.0, "Coastal_Inundation_m": 0.52, "Road_km": 0.010000000000450942, "Fluvial_Flood_Loss": 0, "Coastal_Flood_Loss": 65, "Loss": 65 }, "geometry": { "type": "LineString", "coordinates": [ [ -171.437193191178295, -14.047360162442857 ], [ -171.437237884013996, -14.047280969226064 ] ] } },
{ "type": "Feature", "properties": { "UseType": "service", "Asset": "Road", "Value": 400, "Details": null, "Structure": null, "Wall_Material": null, "Condition": null, "Admin1_Region": "Atua", "Admin2_Region": "Aleipata itupa i Luga", "WindGust_kmph": 92, "Fluvial_Inundation_m": 0.0, "Coastal_Inundation_m": 0.52, "Road_km": 0.0099999999991439992, "Fluvial_Flood_Loss": 0, "Coastal_Flood_Loss": 65, "Loss": 65 }, "geometry": { "type": "LineString", "coordinates": [ [ -171.437237884013996, -14.047280969226064 ], [ -171.437272799999988, -14.047219100000017 ], [ -171.437280965292871, -14.047200998123303 ] ] } },
{ "type": "Feature", "properties": { "UseType": "track", "Asset": "Road", "Value": 400, "Details": null, "Structure": null, "Wall_Material": null, "Condition": null, "Admin1_Region": "Atua", "Admin2_Region": "Aleipata itupa i Luga", "WindGust_kmph": 108, "Fluvial_Inundation_m": 0.0, "Coastal_Inundation_m": 0.18, "Road_km": 0.010000000000141882, "Fluvial_Flood_Loss": 0, "Coastal_Flood_Loss": 23, "Loss": 23 }, "geometry": { "type": "LineString", "coordinates": [ [ -171.466805980342997, -14.046037125858582 ], [ -171.466773, -14.0460362 ], [ -171.466720630849125, -14.046008376521373 ] ] } },
{ "type": "Feature", "properties": { "UseType": "track", "Asset": "Road", "Value": 400, "Details": null, "Structure": null, "Wall_Material": null, "Condition": null, "Admin1_Region": "Atua", "Admin2_Region": "Aleipata itupa i Luga", "WindGust_kmph": 108, "Fluvial_Inundation_m": 0.0, "Coastal_Inundation_m": 0.18, "Road_km": 0.010000000000323132, "Fluvial_Flood_Loss": 0, "Coastal_Flood_Loss": 22, "Loss": 22 }, "geometry": { "type": "LineString", "coordinates": [ [ -171.466720630849125, -14.046008376521373 ], [ -171.46663928141038, -14.045965155918369 ] ] } },
{ "type": "Feature", "properties": { "UseType": "primary", "Asset": "Road", "Value": 10479, "Details": "Main East Coast Road", "Structure": null, "Wall_Material": null, "Condition": null, "Admin1_Region": "Atua", "Admin2_Region": "Anoamaa West", "WindGust_kmph": 117, "Fluvial_Inundation_m": 0.0, "Coastal_Inundation_m": 0.19, "Road_km": 0.0099999999996676896, "Fluvial_Flood_Loss": 0, "Coastal_Flood_Loss": 79, "Loss": 79 }, "geometry": { "type": "LineString", "coordinates": [ [ -171.637843, -13.8749335 ], [ -171.63775321023536, -13.874911601151764 ] ] } },
{ "type": "Feature", "properties": { "UseType": "primary", "Asset": "Road", "Value": 10479, "Details": "Main East Coast Road", "Structure": null, "Wall_Material": null, "Condition": null, "Admin1_Region": "Atua", "Admin2_Region": "Anoamaa West", "WindGust_kmph": 117, "Fluvial_Inundation_m": 0.0, "Coastal_Inundation_m": 0.19, "Road_km": 0.010000000000852861, "Fluvial_Flood_Loss": 0, "Coastal_Flood_Loss": 79, "Loss": 79 }, "geometry": { "type": "LineString", "coordinates": [ [ -171.63775321023536, -13.874911601151764 ], [ -171.637663420486177, -13.874889702269787 ] ] } },
{ "type": "Feature", "properties": { "UseType": "service", "Asset": "Road", "Value": 400, "Details": null, "Structure": null, "Wall_Material": null, "Condition": null, "Admin1_Region": "Va'a-o-Fonoti", "Admin2_Region": "Vaa o Fonoti", "WindGust_kmph": 138, "Fluvial_Inundation_m": 0.0, "Coastal_Inundation_m": 0.2, "Road_km": 0.010000000000365489, "Fluvial_Flood_Loss": 0, "Coastal_Flood_Loss": 25, "Loss": 25 }, "geometry": { "type": "LineString", "coordinates": [ [ -171.590531670549041, -13.875573056845328 ], [ -171.590451026374183, -13.875617413790778 ] ] } },
{ "type": "Feature", "properties": { "UseType": "service", "Asset": "Road", "Value": 400, "Details": null, "Structure": null, "Wall_Material": null, "Condition": null, "Admin1_Region": "Va'a-o-Fonoti", "Admin2_Region": "Vaa o Fonoti", "WindGust_kmph": 142, "Fluvial_Inundation_m": 0.0, "Coastal_Inundation_m": 0.37, "Road_km": 0.010000000000674728, "Fluvial_Flood_Loss": 0, "Coastal_Flood_Loss": 47, "Loss": 47 }, "geometry": { "type": "LineString", "coordinates": [ [ -171.590451026374183, -13.875617413790778 ], [ -171.590370382167919, -13.875661770710675 ] ] } },
{ "type": "Feature", "properties": { "UseType": "service", "Asset": "Road", "Value": 400, "Details": null, "Structure": null, "Wall_Material": null, "Condition": null, "Admin1_Region": "Va'a-o-Fonoti", "Admin2_Region": "Vaa o Fonoti", "WindGust_kmph": 142, "Fluvial_Inundation_m": 0.0, "Coastal_Inundation_m": 0.37, "Road_km": 0.01000000000041628, "Fluvial_Flood_Loss": 0, "Coastal_Flood_Loss": 47, "Loss": 47 }, "geometry": { "type": "LineString", "coordinates": [ [ -171.590370382167919, -13.875661770710675 ], [ -171.590289737930249, -13.875706127605053 ] ] } },
{ "type": "Feature", "properties": { "UseType": "service", "Asset": "Road", "Value": 400, "Details": null, "Structure": null, "Wall_Material": null, "Condition": null, "Admin1_Region": "Va'a-o-Fonoti", "Admin2_Region": "Vaa o Fonoti", "WindGust_kmph": 147, "Fluvial_Inundation_m": 0.0, "Coastal_Inundation_m": 0.3, "Road_km": 0.0099999999982874968, "Fluvial_Flood_Loss": 0, "Coastal_Flood_Loss": 38, "Loss": 38 }, "geometry": { "type": "LineString", "coordinates": [ [ -171.590289737930249, -13.875706127605053 ], [ -171.590209093661173, -13.875750484473876 ] ] } },
{ "type": "Feature", "properties": { "UseType": "service", "Asset": "Road", "Value": 400, "Details": null, "Structure": null, "Wall_Material": null, "Condition": null, "Admin1_Region": "Va'a-o-Fonoti", "Admin2_Region": "Vaa o Fonoti", "WindGust_kmph": 147, "Fluvial_Inundation_m": 0.0, "Coastal_Inundation_m": 0.1, "Road_km": 0.010000000000467073, "Fluvial_Flood_Loss": 0, "Coastal_Flood_Loss": 12, "Loss": 12 }, "geometry": { "type": "LineString", "coordinates": [ [ -171.590209093661173, -13.875750484473876 ], [ -171.590128449360691, -13.87579484131718 ] ] } },
{ "type": "Feature", "properties": { "UseType": "track", "Asset": "Road", "Value": 400, "Details": null, "Structure": null, "Wall_Material": null, "Condition": null, "Admin1_Region": "Atua", "Admin2_Region": "Anoamaa East", "WindGust_kmph": 110, "Fluvial_Inundation_m": 0.0, "Coastal_Inundation_m": 0.88, "Road_km": 0.0099999999985931724, "Fluvial_Flood_Loss": 0, "Coastal_Flood_Loss": 85, "Loss": 85 }, "geometry": { "type": "LineString", "coordinates": [ [ -171.60312559999997, -13.875263199999987 ], [ -171.603083655383358, -13.875343796365778 ] ] } },
{ "type": "Feature", "properties": { "UseType": "track", "Asset": "Road", "Value": 400, "Details": null, "Structure": null, "Wall_Material": null, "Condition": null, "Admin1_Region": "Atua", "Admin2_Region": "Anoamaa East", "WindGust_kmph": 110, "Fluvial_Inundation_m": 0.0, "Coastal_Inundation_m": 0.88, "Road_km": 0.0099999999999187891, "Fluvial_Flood_Loss": 0, "Coastal_Flood_Loss": 85, "Loss": 85 }, "geometry": { "type": "LineString", "coordinates": [ [ -171.603083655383358, -13.875343796365778 ], [ -171.603041710738637, -13.875424392725025 ] ] } },
{ "type": "Feature", "properties": { "UseType": "service", "Asset": "Road", "Value": 400, "Details": null, "Structure": null, "Wall_Material": null, "Condition": null, "Admin1_Region": "Tuamasaga", "Admin2_Region": "Vaimauga West", "WindGust_kmph": 109, "Fluvial_Inundation_m": 0.0, "Coastal_Inundation_m": 0.08, "Road_km": 0.010000000001445897, "Fluvial_Flood_Loss": 0, "Coastal_Flood_Loss": 10, "Loss": 10 }, "geometry": { "type": "LineString", "coordinates": [ [ -171.77606974087459, -13.832774978768478 ], [ -171.775994426007202, -13.832827498406651 ] ] } },
{ "type": "Feature", "properties": { "UseType": "track", "Asset": "Road", "Value": 400, "Details": null, "Structure": null, "Wall_Material": null, "Condition": null, "Admin1_Region": "A'ana", "Admin2_Region": "Falelatai & Samatau", "WindGust_kmph": 131, "Fluvial_Inundation_m": 0.0, "Coastal_Inundation_m": 0.14, "Road_km": 0.0099999999974629602, "Fluvial_Flood_Loss": 0, "Coastal_Flood_Loss": 17, "Loss": 17 }, "geometry": { "type": "LineString", "coordinates": [ [ -172.030310399999792, -13.9108279 ], [ -172.030375493168776, -13.910892167398032 ] ] } },
{ "type": "Feature", "properties": { "UseType": "track", "Asset": "Road", "Value": 400, "Details": null, "Structure": null, "Wall_Material": null, "Condition": null, "Admin1_Region": "A'ana", "Admin2_Region": "Falelatai & Samatau", "WindGust_kmph": 114, "Fluvial_Inundation_m": 0.0, "Coastal_Inundation_m": 0.48, "Road_km": 0.010000000001897043, "Fluvial_Flood_Loss": 0, "Coastal_Flood_Loss": 61, "Loss": 61 }, "geometry": { "type": "LineString", "coordinates": [ [ -172.030766052938475, -13.911277771362132 ], [ -172.030806899999789, -13.9113181 ], [ -172.030818517670411, -13.911349805370817 ] ] } },
{ "type": "Feature", "properties": { "UseType": "track", "Asset": "Road", "Value": 111, "Details": null, "Structure": null, "Wall_Material": null, "Condition": null, "Admin1_Region": "A'ana", "Admin2_Region": "Falelatai & Samatau", "WindGust_kmph": 114, "Fluvial_Inundation_m": 0.0, "Coastal_Inundation_m": 0.71, "Road_km": 0.0027837258325854068, "Fluvial_Flood_Loss": 0, "Coastal_Flood_Loss": 21, "Loss": 21 }, "geometry": { "type": "LineString", "coordinates": [ [ -172.030818517670411, -13.911349805370817 ], [ -172.030827199999834, -13.9113735 ] ] } },
{ "type": "Feature", "properties": { "UseType": "track", "Asset": "Road", "Value": 400, "Details": null, "Structure": null, "Wall_Material": null, "Condition": null, "Admin1_Region": "Va'a-o-Fonoti", "Admin2_Region": "Vaa o Fonoti", "WindGust_kmph": 147, "Fluvial_Inundation_m": 0.0, "Coastal_Inundation_m": 0.41, "Road_km": 0.010000000002551945, "Fluvial_Flood_Loss": 0, "Coastal_Flood_Loss": 52, "Loss": 52 }, "geometry": { "type": "LineString", "coordinates": [ [ -171.589919400000014, -13.8759053 ], [ -171.589846572456878, -13.875961090713281 ] ] } },
{ "type": "Feature", "properties": { "UseType": "track", "Asset": "Road", "Value": 400, "Details": null, "Structure": null, "Wall_Material": null, "Condition": null, "Admin1_Region": "Va'a-o-Fonoti", "Admin2_Region": "Vaa o Fonoti", "WindGust_kmph": 147, "Fluvial_Inundation_m": 0.0, "Coastal_Inundation_m": 0.5, "Road_km": 0.0099999999983964253, "Fluvial_Flood_Loss": 0, "Coastal_Flood_Loss": 63, "Loss": 63 }, "geometry": { "type": "LineString", "coordinates": [ [ -171.59007779999996, -13.875822700000013 ], [ -171.589996155550295, -13.875865274713934 ] ] } },
{ "type": "Feature", "properties": { "UseType": "track", "Asset": "Road", "Value": 376, "Details": null, "Structure": null, "Wall_Material": null, "Condition": null, "Admin1_Region": "Va'a-o-Fonoti", "Admin2_Region": "Vaa o Fonoti", "WindGust_kmph": 147, "Fluvial_Inundation_m": 0.0, "Coastal_Inundation_m": 0.44, "Road_km": 0.0094011929353820384, "Fluvial_Flood_Loss": 0, "Coastal_Flood_Loss": 53, "Loss": 53 }, "geometry": { "type": "LineString", "coordinates": [ [ -171.589996155550295, -13.875865274713934 ], [ -171.589919400000014, -13.8759053 ] ] } },
{ "type": "Feature", "properties": { "UseType": "track", "Asset": "Road", "Value": 400, "Details": null, "Structure": null, "Wall_Material": null, "Condition": null, "Admin1_Region": "Atua", "Admin2_Region": "Anoamaa East", "WindGust_kmph": 110, "Fluvial_Inundation_m": 0.0, "Coastal_Inundation_m": 0.07, "Road_km": 0.0099999999993736557, "Fluvial_Flood_Loss": 0, "Coastal_Flood_Loss": 9, "Loss": 9 }, "geometry": { "type": "LineString", "coordinates": [ [ -171.603277595177815, -13.875049886246149 ], [ -171.603210328821035, -13.875111984335911 ] ] } },
{ "type": "Feature", "properties": { "UseType": "track", "Asset": "Road", "Value": 400, "Details": null, "Structure": null, "Wall_Material": null, "Condition": null, "Admin1_Region": "Atua", "Admin2_Region": "Anoamaa East", "WindGust_kmph": 110, "Fluvial_Inundation_m": 0.0, "Coastal_Inundation_m": 0.27, "Road_km": 0.010000000000696816, "Fluvial_Flood_Loss": 0, "Coastal_Flood_Loss": 34, "Loss": 34 }, "geometry": { "type": "LineString", "coordinates": [ [ -171.603210328821035, -13.875111984335911 ], [ -171.603160699999961, -13.8751578 ], [ -171.603153192352693, -13.875180344339116 ] ] } },
{ "type": "Feature", "properties": { "UseType": "track", "Asset": "Road", "Value": 386, "Details": null, "Structure": null, "Wall_Material": null, "Condition": null, "Admin1_Region": "Atua", "Admin2_Region": "Anoamaa East", "WindGust_kmph": 110, "Fluvial_Inundation_m": 0.0, "Coastal_Inundation_m": 0.27, "Road_km": 0.0096366315300343043, "Fluvial_Flood_Loss": 0, "Coastal_Flood_Loss": 33, "Loss": 33 }, "geometry": { "type": "LineString", "coordinates": [ [ -171.603153192352693, -13.875180344339116 ], [ -171.60312559999997, -13.875263199999987 ] ] } },
{ "type": "Feature", "properties": { "UseType": "service", "Asset": "Road", "Value": 400, "Details": null, "Structure": null, "Wall_Material": null, "Condition": null, "Admin1_Region": "Atua", "Admin2_Region": "Vaa o Fonoti", "WindGust_kmph": 119, "Fluvial_Inundation_m": 0.0, "Coastal_Inundation_m": 0.06, "Road_km": 0.0099999999997741288, "Fluvial_Flood_Loss": 0, "Coastal_Flood_Loss": 7, "Loss": 7 }, "geometry": { "type": "LineString", "coordinates": [ [ -171.594497071571908, -13.875007543907126 ], [ -171.5944389, -13.8749966 ], [ -171.594420049149988, -13.874969774344111 ] ] } },
{ "type": "Feature", "properties": { "UseType": "service", "Asset": "Road", "Value": 400, "Details": null, "Structure": null, "Wall_Material": null, "Condition": null, "Admin1_Region": "Atua", "Admin2_Region": "Vaa o Fonoti", "WindGust_kmph": 119, "Fluvial_Inundation_m": 0.0, "Coastal_Inundation_m": 0.13, "Road_km": 0.0099999999991386753, "Fluvial_Flood_Loss": 0, "Coastal_Flood_Loss": 16, "Loss": 16 }, "geometry": { "type": "LineString", "coordinates": [ [ -171.594420049149988, -13.874969774344111 ], [ -171.594367668644253, -13.874895234352207 ] ] } },
{ "type": "Feature", "properties": { "UseType": "service", "Asset": "Road", "Value": 400, "Details": null, "Structure": null, "Wall_Material": null, "Condition": null, "Admin1_Region": "Atua", "Admin2_Region": "Vaa o Fonoti", "WindGust_kmph": 119, "Fluvial_Inundation_m": 0.0, "Coastal_Inundation_m": 0.16, "Road_km": 0.010000000001661647, "Fluvial_Flood_Loss": 0, "Coastal_Flood_Loss": 20, "Loss": 20 }, "geometry": { "type": "LineString", "coordinates": [ [ -171.594367668644253, -13.874895234352207 ], [ -171.594315288172481, -13.874820694347271 ] ] } },
{ "type": "Feature", "properties": { "UseType": "service", "Asset": "Road", "Value": 103, "Details": null, "Structure": null, "Wall_Material": null, "Condition": null, "Admin1_Region": "Atua", "Admin2_Region": "Vaa o Fonoti", "WindGust_kmph": 119, "Fluvial_Inundation_m": 0.0, "Coastal_Inundation_m": 0.05, "Road_km": 0.0025750394270620263, "Fluvial_Flood_Loss": 0, "Coastal_Flood_Loss": 1, "Loss": 1 }, "geometry": { "type": "LineString", "coordinates": [ [ -171.594315288172481, -13.874820694347271 ], [ -171.594301799999982, -13.8748015 ] ] } },
{ "type": "Feature", "properties": { "UseType": "service", "Asset": "Road", "Value": 400, "Details": null, "Structure": null, "Wall_Material": null, "Condition": null, "Admin1_Region": "Atua", "Admin2_Region": "Falealili", "WindGust_kmph": 113, "Fluvial_Inundation_m": 0.0, "Coastal_Inundation_m": 0.17, "Road_km": 0.010000000001424819, "Fluvial_Flood_Loss": 0, "Coastal_Flood_Loss": 21, "Loss": 21 }, "geometry": { "type": "LineString", "coordinates": [ [ -171.701891991330854, -14.02916631831653 ], [ -171.70194, -14.0292417 ], [ -171.701941018735539, -14.029243013223825 ] ] } },
{ "type": "Feature", "properties": { "UseType": "service", "Asset": "Road", "Value": 400, "Details": null, "Structure": null, "Wall_Material": null, "Condition": null, "Admin1_Region": "Atua", "Admin2_Region": "Falealili", "WindGust_kmph": 113, "Fluvial_Inundation_m": 0.0, "Coastal_Inundation_m": 0.15, "Road_km": 0.0099999999977137526, "Fluvial_Flood_Loss": 0, "Coastal_Flood_Loss": 19, "Loss": 19 }, "geometry": { "type": "LineString", "coordinates": [ [ -171.701941018735539, -14.029243013223825 ], [ -171.701996930516174, -14.029315087524461 ] ] } },
{ "type": "Feature", "properties": { "UseType": "service", "Asset": "Road", "Value": 400, "Details": null, "Structure": null, "Wall_Material": null, "Condition": null, "Admin1_Region": "Atua", "Admin2_Region": "Anoamaa East", "WindGust_kmph": 121, "Fluvial_Inundation_m": 0.0, "Coastal_Inundation_m": 0.09, "Road_km": 0.0099999999994346417, "Fluvial_Flood_Loss": 0, "Coastal_Flood_Loss": 11, "Loss": 11 }, "geometry": { "type": "LineString", "coordinates": [ [ -171.602536903864603, -13.874998502545505 ], [ -171.602533494246217, -13.874908147774208 ] ] } },
{ "type": "Feature", "properties": { "UseType": "tertiary", "Asset": "Road", "Value": 2382, "Details": null, "Structure": null, "Wall_Material": null, "Condition": null, "Admin1_Region": "Va'a-o-Fonoti", "Admin2_Region": "Vaa o Fonoti", "WindGust_kmph": 105, "Fluvial_Inundation_m": 0.0, "Coastal_Inundation_m": 0.16, "Road_km": 0.010000000000420532, "Fluvial_Flood_Loss": 0, "Coastal_Flood_Loss": 125, "Loss": 125 }, "geometry": { "type": "LineString", "coordinates": [ [ -171.571163286858905, -13.941857959269432 ], [ -171.5712178, -13.9417892 ], [ -171.571218473296, -13.941785810645095 ] ] } },
{ "type": "Feature", "properties": { "UseType": "service", "Asset": "Road", "Value": 400, "Details": null, "Structure": null, "Wall_Material": null, "Condition": null, "Admin1_Region": "Atua", "Admin2_Region": "Falealili", "WindGust_kmph": 111, "Fluvial_Inundation_m": 0.0, "Coastal_Inundation_m": 0.45, "Road_km": 0.0099999999994033681, "Fluvial_Flood_Loss": 0, "Coastal_Flood_Loss": 57, "Loss": 57 }, "geometry": { "type": "LineString", "coordinates": [ [ -171.702501149203016, -14.029838263474028 ], [ -171.70252739999998, -14.029871400000015 ], [ -171.702543218727527, -14.029917398401727 ] ] } },
{ "type": "Feature", "properties": { "UseType": "service", "Asset": "Road", "Value": 400, "Details": null, "Structure": null, "Wall_Material": null, "Condition": null, "Admin1_Region": "Atua", "Admin2_Region": "Falealili", "WindGust_kmph": 111, "Fluvial_Inundation_m": 0.0, "Coastal_Inundation_m": 0.33, "Road_km": 0.0099999999981267573, "Fluvial_Flood_Loss": 0, "Coastal_Flood_Loss": 42, "Loss": 42 }, "geometry": { "type": "LineString", "coordinates": [ [ -171.703270450270566, -14.031332567079003 ], [ -171.70332905618713, -14.031402571841848 ] ] } },
{ "type": "Feature", "properties": { "UseType": "service", "Asset": "Road", "Value": 400, "Details": null, "Structure": null, "Wall_Material": null, "Condition": null, "Admin1_Region": "Atua", "Admin2_Region": "Falealili", "WindGust_kmph": 111, "Fluvial_Inundation_m": 0.0, "Coastal_Inundation_m": 0.54, "Road_km": 0.0099999999989247908, "Fluvial_Flood_Loss": 0, "Coastal_Flood_Loss": 66, "Loss": 66 }, "geometry": { "type": "LineString", "coordinates": [ [ -171.703448238062208, -14.031540957296881 ], [ -171.703509109226758, -14.031609094619123 ] ] } },
{ "type": "Feature", "properties": { "UseType": "service", "Asset": "Road", "Value": 400, "Details": null, "Structure": null, "Wall_Material": null, "Condition": null, "Admin1_Region": "Atua", "Admin2_Region": "Falealili", "WindGust_kmph": 111, "Fluvial_Inundation_m": 0.0, "Coastal_Inundation_m": 0.54, "Road_km": 0.01000000000155574, "Fluvial_Flood_Loss": 0, "Coastal_Flood_Loss": 66, "Loss": 66 }, "geometry": { "type": "LineString", "coordinates": [ [ -171.703509109226758, -14.031609094619123 ], [ -171.703569980427517, -14.031677231923993 ] ] } },
{ "type": "Feature", "properties": { "UseType": "service", "Asset": "Road", "Value": 400, "Details": null, "Structure": null, "Wall_Material": null, "Condition": null, "Admin1_Region": "Atua", "Admin2_Region": "Falealili", "WindGust_kmph": 111, "Fluvial_Inundation_m": 0.0, "Coastal_Inundation_m": 0.41, "Road_km": 0.0099999999990008602, "Fluvial_Flood_Loss": 0, "Coastal_Flood_Loss": 52, "Loss": 52 }, "geometry": { "type": "LineString", "coordinates": [ [ -171.70362439294081, -14.031750369879724 ], [ -171.703678480102099, -14.031823759752189 ] ] } },
{ "type": "Feature", "properties": { "UseType": "service", "Asset": "Road", "Value": 400, "Details": null, "Structure": null, "Wall_Material": null, "Condition": null, "Admin1_Region": "Atua", "Admin2_Region": "Falealili", "WindGust_kmph": 111, "Fluvial_Inundation_m": 0.0, "Coastal_Inundation_m": 0.41, "Road_km": 0.01000000000011809, "Fluvial_Flood_Loss": 0, "Coastal_Flood_Loss": 52, "Loss": 52 }, "geometry": { "type": "LineString", "coordinates": [ [ -171.703678480102099, -14.031823759752189 ], [ -171.703732567298374, -14.031897149610513 ] ] } },
{ "type": "Feature", "properties": { "UseType": "service", "Asset": "Road", "Value": 400, "Details": null, "Structure": null, "Wall_Material": null, "Condition": null, "Admin1_Region": "Atua", "Admin2_Region": "Falealili", "WindGust_kmph": 111, "Fluvial_Inundation_m": 0.0, "Coastal_Inundation_m": 0.37, "Road_km": 0.0099999999984620273, "Fluvial_Flood_Loss": 0, "Coastal_Flood_Loss": 47, "Loss": 47 }, "geometry": { "type": "LineString", "coordinates": [ [ -171.703732567298374, -14.031897149610513 ], [ -171.703764, -14.0319398 ], [ -171.703777611381469, -14.03197526153518 ] ] } },
{ "type": "Feature", "properties": { "UseType": "tertiary", "Asset": "Road", "Value": 2382, "Details": null, "Structure": null, "Wall_Material": null, "Condition": null, "Admin1_Region": "Va'a-o-Fonoti", "Admin2_Region": "Vaa o Fonoti", "WindGust_kmph": 104, "Fluvial_Inundation_m": 0.0, "Coastal_Inundation_m": 0.24, "Road_km": 0.0099999999995978427, "Fluvial_Flood_Loss": 0, "Coastal_Flood_Loss": 179, "Loss": 179 }, "geometry": { "type": "LineString", "coordinates": [ [ -171.569221144126601, -13.938817217998517 ], [ -171.569151298926243, -13.938757877664212 ] ] } },
{ "type": "Feature", "properties": { "UseType": "tertiary", "Asset": "Road", "Value": 2382, "Details": null, "Structure": null, "Wall_Material": null, "Condition": null, "Admin1_Region": "Va'a-o-Fonoti", "Admin2_Region": "Vaa o Fonoti", "WindGust_kmph": 105, "Fluvial_Inundation_m": 0.0, "Coastal_Inundation_m": 0.23, "Road_km": 0.0099999999999415088, "Fluvial_Flood_Loss": 0, "Coastal_Flood_Loss": 174, "Loss": 174 }, "geometry": { "type": "LineString", "coordinates": [ [ -171.5709563, -13.9420511 ], [ -171.571029845343446, -13.941996188546677 ] ] } },
{ "type": "Feature", "properties": { "UseType": "tertiary", "Asset": "Road", "Value": 2382, "Details": null, "Structure": null, "Wall_Material": null, "Condition": null, "Admin1_Region": "Va'a-o-Fonoti", "Admin2_Region": "Vaa o Fonoti", "WindGust_kmph": 104, "Fluvial_Inundation_m": 0.0, "Coastal_Inundation_m": 0.31, "Road_km": 0.0099999999995343657, "Fluvial_Flood_Loss": 0, "Coastal_Flood_Loss": 234, "Loss": 234 }, "geometry": { "type": "LineString", "coordinates": [ [ -171.567443076093923, -13.937123749351642 ], [ -171.567376777389313, -13.937060647607968 ] ] } },
{ "type": "Feature", "properties": { "UseType": "tertiary", "Asset": "Road", "Value": 2382, "Details": null, "Structure": null, "Wall_Material": null, "Condition": null, "Admin1_Region": "Va'a-o-Fonoti", "Admin2_Region": "Vaa o Fonoti", "WindGust_kmph": 104, "Fluvial_Inundation_m": 0.0, "Coastal_Inundation_m": 0.21, "Road_km": 0.010000000000185621, "Fluvial_Flood_Loss": 0, "Coastal_Flood_Loss": 157, "Loss": 157 }, "geometry": { "type": "LineString", "coordinates": [ [ -171.564128376980904, -13.933777267918604 ], [ -171.564092399999964, -13.9337493 ], [ -171.564049126183875, -13.933732441940485 ] ] } },
{ "type": "Feature", "properties": { "UseType": "tertiary", "Asset": "Road", "Value": 2382, "Details": null, "Structure": null, "Wall_Material": null, "Condition": null, "Admin1_Region": "Va'a-o-Fonoti", "Admin2_Region": "Vaa o Fonoti", "WindGust_kmph": 104, "Fluvial_Inundation_m": 0.0, "Coastal_Inundation_m": 0.21, "Road_km": 0.010000000001265981, "Fluvial_Flood_Loss": 0, "Coastal_Flood_Loss": 157, "Loss": 157 }, "geometry": { "type": "LineString", "coordinates": [ [ -171.564049126183875, -13.933732441940485 ], [ -171.563963143131701, -13.933698945732795 ] ] } },
{ "type": "Feature", "properties": { "UseType": "tertiary", "Asset": "Road", "Value": 2382, "Details": null, "Structure": null, "Wall_Material": null, "Condition": null, "Admin1_Region": "Va'a-o-Fonoti", "Admin2_Region": "Vaa o Fonoti", "WindGust_kmph": 106, "Fluvial_Inundation_m": 0.0, "Coastal_Inundation_m": 0.36, "Road_km": 0.0099999999999429781, "Fluvial_Flood_Loss": 0, "Coastal_Flood_Loss": 271, "Loss": 271 }, "geometry": { "type": "LineString", "coordinates": [ [ -171.562726267768113, -13.932927196455651 ], [ -171.562678799999986, -13.9328965 ], [ -171.562646350377321, -13.932882102148865 ] ] } },
{ "type": "Feature", "properties": { "UseType": "unclassified", "Asset": "Road", "Value": 400, "Details": null, "Structure": null, "Wall_Material": null, "Condition": null, "Admin1_Region": "Tuamasaga", "Admin2_Region": "Safata", "WindGust_kmph": 90, "Fluvial_Inundation_m": 0.0, "Coastal_Inundation_m": 0.42, "Road_km": 0.0099999999998664386, "Fluvial_Flood_Loss": 0, "Coastal_Flood_Loss": 54, "Loss": 54 }, "geometry": { "type": "LineString", "coordinates": [ [ -171.876626399999935, -13.9918224 ], [ -171.876658964137476, -13.991737766521309 ] ] } },
{ "type": "Feature", "properties": { "UseType": "service", "Asset": "Road", "Value": 400, "Details": null, "Structure": null, "Wall_Material": null, "Condition": null, "Admin1_Region": "Tuamasaga", "Admin2_Region": "Faleata East", "WindGust_kmph": 96, "Fluvial_Inundation_m": 0.0, "Coastal_Inundation_m": 0.18, "Road_km": 0.010000000001888783, "Fluvial_Flood_Loss": 0, "Coastal_Flood_Loss": 22, "Loss": 22 }, "geometry": { "type": "LineString", "coordinates": [ [ -171.781128864880202, -13.833879994424539 ], [ -171.781067399999955, -13.833849300000017 ], [ -171.781044546239997, -13.833843952056093 ] ] } },
{ "type": "Feature", "properties": { "UseType": "unclassified", "Asset": "Road", "Value": 400, "Details": null, "Structure": null, "Wall_Material": null, "Condition": null, "Admin1_Region": "Tuamasaga", "Admin2_Region": "Safata", "WindGust_kmph": 90, "Fluvial_Inundation_m": 0.0, "Coastal_Inundation_m": 0.33, "Road_km": 0.0099999999991015037, "Fluvial_Flood_Loss": 0, "Coastal_Flood_Loss": 42, "Loss": 42 }, "geometry": { "type": "LineString", "coordinates": [ [ -171.876658964137476, -13.991737766521309 ], [ -171.87669152825282, -13.991653133039055 ] ] } },
{ "type": "Feature", "properties": { "UseType": "unclassified", "Asset": "Road", "Value": 400, "Details": null, "Structure": null, "Wall_Material": null, "Condition": null, "Admin1_Region": "Tuamasaga", "Admin2_Region": "Safata", "WindGust_kmph": 90, "Fluvial_Inundation_m": 0.0, "Coastal_Inundation_m": 0.74, "Road_km": 0.0099999999993082445, "Fluvial_Flood_Loss": 0, "Coastal_Flood_Loss": 77, "Loss": 77 }, "geometry": { "type": "LineString", "coordinates": [ [ -171.87669152825282, -13.991653133039055 ], [ -171.876724092345967, -13.991568499553242 ] ] } },
{ "type": "Feature", "properties": { "UseType": "unclassified", "Asset": "Road", "Value": 400, "Details": null, "Structure": null, "Wall_Material": null, "Condition": null, "Admin1_Region": "Tuamasaga", "Admin2_Region": "Safata", "WindGust_kmph": 90, "Fluvial_Inundation_m": 0.0, "Coastal_Inundation_m": 0.74, "Road_km": 0.0099999999994943092, "Fluvial_Flood_Loss": 0, "Coastal_Flood_Loss": 77, "Loss": 77 }, "geometry": { "type": "LineString", "coordinates": [ [ -171.876724092345967, -13.991568499553242 ], [ -171.876756656416944, -13.991483866063872 ] ] } },
{ "type": "Feature", "properties": { "UseType": "footway", "Asset": "Road", "Value": 400, "Details": null, "Structure": null, "Wall_Material": null, "Condition": null, "Admin1_Region": "Tuamasaga", "Admin2_Region": "Safata", "WindGust_kmph": 112, "Fluvial_Inundation_m": 0.0, "Coastal_Inundation_m": 0.52, "Road_km": 0.0099999999981560013, "Fluvial_Flood_Loss": 0, "Coastal_Flood_Loss": 64, "Loss": 64 }, "geometry": { "type": "LineString", "coordinates": [ [ -171.879806499999916, -13.993667 ], [ -171.879891773855348, -13.993631781213313 ] ] } },
{ "type": "Feature", "properties": { "UseType": "footway", "Asset": "Road", "Value": 400, "Details": null, "Structure": null, "Wall_Material": null, "Condition": null, "Admin1_Region": "Tuamasaga", "Admin2_Region": "Safata", "WindGust_kmph": 112, "Fluvial_Inundation_m": 0.0, "Coastal_Inundation_m": 0.18, "Road_km": 0.009999999999068792, "Fluvial_Flood_Loss": 0, "Coastal_Flood_Loss": 22, "Loss": 22 }, "geometry": { "type": "LineString", "coordinates": [ [ -171.88006232148382, -13.993561343554301 ], [ -171.880147595256801, -13.993526124681969 ] ] } },
{ "type": "Feature", "properties": { "UseType": "footway", "Asset": "Road", "Value": 400, "Details": null, "Structure": null, "Wall_Material": null, "Condition": null, "Admin1_Region": "Tuamasaga", "Admin2_Region": "Safata", "WindGust_kmph": 112, "Fluvial_Inundation_m": 0.0, "Coastal_Inundation_m": 0.06, "Road_km": 0.010000000001914547, "Fluvial_Flood_Loss": 0, "Coastal_Flood_Loss": 8, "Loss": 8 }, "geometry": { "type": "LineString", "coordinates": [ [ -171.880147595256801, -13.993526124681969 ], [ -171.880232869002327, -13.993490905781091 ] ] } },
{ "type": "Feature", "properties": { "UseType": "footway", "Asset": "Road", "Value": 400, "Details": null, "Structure": null, "Wall_Material": null, "Condition": null, "Admin1_Region": "Tuamasaga", "Admin2_Region": "Safata", "WindGust_kmph": 112, "Fluvial_Inundation_m": 0.0, "Coastal_Inundation_m": 0.08, "Road_km": 0.0099999999971895175, "Fluvial_Flood_Loss": 0, "Coastal_Flood_Loss": 9, "Loss": 9 }, "geometry": { "type": "LineString", "coordinates": [ [ -171.880232869002327, -13.993490905781091 ], [ -171.880318142720341, -13.993455686851661 ] ] } },
{ "type": "Feature", "properties": { "UseType": "footway", "Asset": "Road", "Value": 400, "Details": null, "Structure": null, "Wall_Material": null, "Condition": null, "Admin1_Region": "Tuamasaga", "Admin2_Region": "Safata", "WindGust_kmph": 112, "Fluvial_Inundation_m": 0.0, "Coastal_Inundation_m": 0.13, "Road_km": 0.010000000000808177, "Fluvial_Flood_Loss": 0, "Coastal_Flood_Loss": 16, "Loss": 16 }, "geometry": { "type": "LineString", "coordinates": [ [ -171.880318142720341, -13.993455686851661 ], [ -171.8804034164109, -13.993420467893669 ] ] } },
{ "type": "Feature", "properties": { "UseType": "footway", "Asset": "Road", "Value": 400, "Details": null, "Structure": null, "Wall_Material": null, "Condition": null, "Admin1_Region": "Tuamasaga", "Admin2_Region": "Safata", "WindGust_kmph": 112, "Fluvial_Inundation_m": 0.0, "Coastal_Inundation_m": 0.13, "Road_km": 0.010000000000464823, "Fluvial_Flood_Loss": 0, "Coastal_Flood_Loss": 16, "Loss": 16 }, "geometry": { "type": "LineString", "coordinates": [ [ -171.8804034164109, -13.993420467893669 ], [ -171.880488690073975, -13.993385248907144 ] ] } },
{ "type": "Feature", "properties": { "UseType": "footway", "Asset": "Road", "Value": 364, "Details": null, "Structure": null, "Wall_Material": null, "Condition": null, "Admin1_Region": "Tuamasaga", "Admin2_Region": "Safata", "WindGust_kmph": 112, "Fluvial_Inundation_m": 0.0, "Coastal_Inundation_m": 0.51, "Road_km": 0.0090982995236376148, "Fluvial_Flood_Loss": 0, "Coastal_Flood_Loss": 58, "Loss": 58 }, "geometry": { "type": "LineString", "coordinates": [ [ -171.879013233058203, -13.993994204990726 ], [ -171.879092099999923, -13.9939653 ] ] } },
{ "type": "Feature", "properties": { "UseType": "footway", "Asset": "Road", "Value": 400, "Details": null, "Structure": null, "Wall_Material": null, "Condition": null, "Admin1_Region": "Tuamasaga", "Admin2_Region": "Safata", "WindGust_kmph": 112, "Fluvial_Inundation_m": 0.0, "Coastal_Inundation_m": 0.81, "Road_km": 0.010000000004347203, "Fluvial_Flood_Loss": 0, "Coastal_Flood_Loss": 81, "Loss": 81 }, "geometry": { "type": "LineString", "coordinates": [ [ -171.879092099999923, -13.9939653 ], [ -171.879177231189544, -13.993929753347897 ] ] } },
{ "type": "Feature", "properties": { "UseType": "footway", "Asset": "Road", "Value": 400, "Details": null, "Structure": null, "Wall_Material": null, "Condition": null, "Admin1_Region": "Tuamasaga", "Admin2_Region": "Safata", "WindGust_kmph": 112, "Fluvial_Inundation_m": 0.0, "Coastal_Inundation_m": 0.43, "Road_km": 0.010000000001184542, "Fluvial_Flood_Loss": 0, "Coastal_Flood_Loss": 54, "Loss": 54 }, "geometry": { "type": "LineString", "coordinates": [ [ -171.879688017746105, -13.993716472838029 ], [ -171.879773148742032, -13.993680925986835 ] ] } },
{ "type": "Feature", "properties": { "UseType": "footway", "Asset": "Road", "Value": 157, "Details": null, "Structure": null, "Wall_Material": null, "Condition": null, "Admin1_Region": "Tuamasaga", "Admin2_Region": "Safata", "WindGust_kmph": 112, "Fluvial_Inundation_m": 0.0, "Coastal_Inundation_m": 0.19, "Road_km": 0.0039176406984663169, "Fluvial_Flood_Loss": 0, "Coastal_Flood_Loss": 9, "Loss": 9 }, "geometry": { "type": "LineString", "coordinates": [ [ -171.879773148742032, -13.993680925986835 ], [ -171.879806499999916, -13.993667 ] ] } },
{ "type": "Feature", "properties": { "UseType": "unclassified", "Asset": "Road", "Value": 400, "Details": null, "Structure": null, "Wall_Material": null, "Condition": null, "Admin1_Region": "Tuamasaga", "Admin2_Region": "Safata", "WindGust_kmph": 90, "Fluvial_Inundation_m": 0.0, "Coastal_Inundation_m": 0.16, "Road_km": 0.0099999999996213621, "Fluvial_Flood_Loss": 0, "Coastal_Flood_Loss": 21, "Loss": 21 }, "geometry": { "type": "LineString", "coordinates": [ [ -171.876763799999907, -13.9914653 ], [ -171.876794144079525, -13.991379883417903 ] ] } },
{ "type": "Feature", "properties": { "UseType": "unclassified", "Asset": "Road", "Value": 400, "Details": null, "Structure": null, "Wall_Material": null, "Condition": null, "Admin1_Region": "Tuamasaga", "Admin2_Region": "Safata", "WindGust_kmph": 90, "Fluvial_Inundation_m": 0.0, "Coastal_Inundation_m": 0.61, "Road_km": 0.010000000001051099, "Fluvial_Flood_Loss": 0, "Coastal_Flood_Loss": 70, "Loss": 70 }, "geometry": { "type": "LineString", "coordinates": [ [ -171.876794144079525, -13.991379883417903 ], [ -171.876824488138425, -13.991294466832706 ] ] } },
{ "type": "Feature", "properties": { "UseType": "unclassified", "Asset": "Road", "Value": 400, "Details": null, "Structure": null, "Wall_Material": null, "Condition": null, "Admin1_Region": "Tuamasaga", "Admin2_Region": "Safata", "WindGust_kmph": 90, "Fluvial_Inundation_m": 0.0, "Coastal_Inundation_m": 0.61, "Road_km": 0.0099999999994093963, "Fluvial_Flood_Loss": 0, "Coastal_Flood_Loss": 70, "Loss": 70 }, "geometry": { "type": "LineString", "coordinates": [ [ -171.876824488138425, -13.991294466832706 ], [ -171.876825399999888, -13.9912919 ], [ -171.876840449232873, -13.991205446966344 ] ] } },
{ "type": "Feature", "properties": { "UseType": "service", "Asset": "Road", "Value": 400, "Details": null, "Structure": null, "Wall_Material": null, "Condition": null, "Admin1_Region": "Va'a-o-Fonoti", "Admin2_Region": "Anoamaa East", "WindGust_kmph": 85, "Fluvial_Inundation_m": 0.0, "Coastal_Inundation_m": 0.15, "Road_km": 0.0099999999978622849, "Fluvial_Flood_Loss": 0, "Coastal_Flood_Loss": 19, "Loss": 19 }, "geometry": { "type": "LineString", "coordinates": [ [ -171.587422878463769, -13.886127372461521 ], [ -171.587382899999966, -13.8861094 ], [ -171.587376258338026, -13.886062422991007 ] ] } },
{ "type": "Feature", "properties": { "UseType": "service", "Asset": "Road", "Value": 400, "Details": null, "Structure": null, "Wall_Material": null, "Condition": null, "Admin1_Region": "Va'a-o-Fonoti", "Admin2_Region": "Anoamaa East", "WindGust_kmph": 85, "Fluvial_Inundation_m": 0.0, "Coastal_Inundation_m": 0.5, "Road_km": 0.01000000000056259, "Fluvial_Flood_Loss": 0, "Coastal_Flood_Loss": 63, "Loss": 63 }, "geometry": { "type": "LineString", "coordinates": [ [ -171.587376258338026, -13.886062422991007 ], [ -171.587363595405037, -13.885972856986426 ] ] } },
{ "type": "Feature", "properties": { "UseType": "service", "Asset": "Road", "Value": 400, "Details": null, "Structure": null, "Wall_Material": null, "Condition": null, "Admin1_Region": "Va'a-o-Fonoti", "Admin2_Region": "Anoamaa East", "WindGust_kmph": 86, "Fluvial_Inundation_m": 0.0, "Coastal_Inundation_m": 0.53, "Road_km": 0.010000000000648634, "Fluvial_Flood_Loss": 0, "Coastal_Flood_Loss": 65, "Loss": 65 }, "geometry": { "type": "LineString", "coordinates": [ [ -171.587363595405037, -13.885972856986426 ], [ -171.58735093248319, -13.885883290980152 ] ] } },
{ "type": "Feature", "properties": { "UseType": "service", "Asset": "Road", "Value": 400, "Details": null, "Structure": null, "Wall_Material": null, "Condition": null, "Admin1_Region": "Va'a-o-Fonoti", "Admin2_Region": "Anoamaa East", "WindGust_kmph": 86, "Fluvial_Inundation_m": 0.0, "Coastal_Inundation_m": 0.32, "Road_km": 0.010000000000374858, "Fluvial_Flood_Loss": 0, "Coastal_Flood_Loss": 41, "Loss": 41 }, "geometry": { "type": "LineString", "coordinates": [ [ -171.58735093248319, -13.885883290980152 ], [ -171.587338269572456, -13.885793724972185 ] ] } },
{ "type": "Feature", "properties": { "UseType": "track", "Asset": "Road", "Value": 400, "Details": null, "Structure": null, "Wall_Material": null, "Condition": null, "Admin1_Region": "Tuamasaga", "Admin2_Region": "Safata", "WindGust_kmph": 90, "Fluvial_Inundation_m": 0.0, "Coastal_Inundation_m": 0.38, "Road_km": 0.0099999999961011832, "Fluvial_Flood_Loss": 0, "Coastal_Flood_Loss": 48, "Loss": 48 }, "geometry": { "type": "LineString", "coordinates": [ [ -171.877027465659268, -13.991158011438905 ], [ -171.877119098470416, -13.991145067107341 ] ] } },
{ "type": "Feature", "properties": { "UseType": "track", "Asset": "Road", "Value": 400, "Details": null, "Structure": null, "Wall_Material": null, "Condition": null, "Admin1_Region": "Tuamasaga", "Admin2_Region": "Safata", "WindGust_kmph": 101, "Fluvial_Inundation_m": 0.0, "Coastal_Inundation_m": 0.6, "Road_km": 0.0099999999997670216, "Fluvial_Flood_Loss": 0, "Coastal_Flood_Loss": 69, "Loss": 69 }, "geometry": { "type": "LineString", "coordinates": [ [ -171.877119098470416, -13.991145067107341 ], [ -171.877157799999878, -13.9911396 ], [ -171.877211084181397, -13.99113510928944 ] ] } },
{ "type": "Feature", "properties": { "UseType": "track", "Asset": "Road", "Value": 400, "Details": null, "Structure": null, "Wall_Material": null, "Condition": null, "Admin1_Region": "Tuamasaga", "Admin2_Region": "Safata", "WindGust_kmph": 101, "Fluvial_Inundation_m": 0.0, "Coastal_Inundation_m": 0.6, "Road_km": 0.01000000000149066, "Fluvial_Flood_Loss": 0, "Coastal_Flood_Loss": 69, "Loss": 69 }, "geometry": { "type": "LineString", "coordinates": [ [ -171.877211084181397, -13.99113510928944 ], [ -171.877303327920487, -13.991127335098088 ] ] } },
{ "type": "Feature", "properties": { "UseType": "track", "Asset": "Road", "Value": 400, "Details": null, "Structure": null, "Wall_Material": null, "Condition": null, "Admin1_Region": "Tuamasaga", "Admin2_Region": "Safata", "WindGust_kmph": 101, "Fluvial_Inundation_m": 0.0, "Coastal_Inundation_m": 0.43, "Road_km": 0.0099999999991638062, "Fluvial_Flood_Loss": 0, "Coastal_Flood_Loss": 54, "Loss": 54 }, "geometry": { "type": "LineString", "coordinates": [ [ -171.877303327920487, -13.991127335098088 ], [ -171.877342899999888, -13.991124 ], [ -171.877386247013675, -13.991153554056716 ] ] } },
{ "type": "Feature", "properties": { "UseType": "track", "Asset": "Road", "Value": 400, "Details": null, "Structure": null, "Wall_Material": null, "Condition": null, "Admin1_Region": "Tuamasaga", "Admin2_Region": "Safata", "WindGust_kmph": 108, "Fluvial_Inundation_m": 0.0, "Coastal_Inundation_m": 0.29, "Road_km": 0.009999999999166875, "Fluvial_Flood_Loss": 0, "Coastal_Flood_Loss": 37, "Loss": 37 }, "geometry": { "type": "LineString", "coordinates": [ [ -171.877386247013675, -13.991153554056716 ], [ -171.877462160554671, -13.991205311980661 ] ] } },
{ "type": "Feature", "properties": { "UseType": "track", "Asset": "Road", "Value": 400, "Details": null, "Structure": null, "Wall_Material": null, "Condition": null, "Admin1_Region": "Tuamasaga", "Admin2_Region": "Safata", "WindGust_kmph": 108, "Fluvial_Inundation_m": 0.0, "Coastal_Inundation_m": 0.14, "Road_km": 0.010000000001315502, "Fluvial_Flood_Loss": 0, "Coastal_Flood_Loss": 17, "Loss": 17 }, "geometry": { "type": "LineString", "coordinates": [ [ -171.877662934398302, -13.991386913530153 ], [ -171.877715923886996, -13.991461052308178 ] ] } },
{ "type": "Feature", "properties": { "UseType": "track", "Asset": "Road", "Value": 400, "Details": null, "Structure": null, "Wall_Material": null, "Condition": null, "Admin1_Region": "Tuamasaga", "Admin2_Region": "Safata", "WindGust_kmph": 108, "Fluvial_Inundation_m": 0.0, "Coastal_Inundation_m": 0.14, "Road_km": 0.0099999999981536022, "Fluvial_Flood_Loss": 0, "Coastal_Flood_Loss": 17, "Loss": 17 }, "geometry": { "type": "LineString", "coordinates": [ [ -171.877715923886996, -13.991461052308178 ], [ -171.877737399999887, -13.9914911 ], [ -171.877781021479421, -13.991523910962918 ] ] } },
{ "type": "Feature", "properties": { "UseType": "track", "Asset": "Road", "Value": 400, "Details": null, "Structure": null, "Wall_Material": null, "Condition": null, "Admin1_Region": "Tuamasaga", "Admin2_Region": "Safata", "WindGust_kmph": 108, "Fluvial_Inundation_m": 0.0, "Coastal_Inundation_m": 0.08, "Road_km": 0.010000000003292989, "Fluvial_Flood_Loss": 0, "Coastal_Flood_Loss": 9, "Loss": 9 }, "geometry": { "type": "LineString", "coordinates": [ [ -171.877781021479421, -13.991523910962918 ], [ -171.877854370652017, -13.991579082297218 ] ] } },
{ "type": "Feature", "properties": { "UseType": "track", "Asset": "Road", "Value": 400, "Details": null, "Structure": null, "Wall_Material": null, "Condition": null, "Admin1_Region": "Tuamasaga", "Admin2_Region": "Safata", "WindGust_kmph": 112, "Fluvial_Inundation_m": 0.0, "Coastal_Inundation_m": 0.18, "Road_km": 0.010000000000113765, "Fluvial_Flood_Loss": 0, "Coastal_Flood_Loss": 23, "Loss": 23 }, "geometry": { "type": "LineString", "coordinates": [ [ -171.878695358428303, -13.991953253061141 ], [ -171.878727599999877, -13.9919676 ], [ -171.878780168731538, -13.991989506515591 ] ] } },
{ "type": "Feature", "properties": { "UseType": "track", "Asset": "Road", "Value": 400, "Details": null, "Structure": null, "Wall_Material": null, "Condition": null, "Admin1_Region": "Tuamasaga", "Admin2_Region": "Safata", "WindGust_kmph": 112, "Fluvial_Inundation_m": 0.0, "Coastal_Inundation_m": 0.33, "Road_km": 0.010000000000471958, "Fluvial_Flood_Loss": 0, "Coastal_Flood_Loss": 41, "Loss": 41 }, "geometry": { "type": "LineString", "coordinates": [ [ -171.878780168731538, -13.991989506515591 ], [ -171.878865325484952, -13.992024993123568 ] ] } },
{ "type": "Feature", "properties": { "UseType": "track", "Asset": "Road", "Value": 400, "Details": null, "Structure": null, "Wall_Material": null, "Condition": null, "Admin1_Region": "Tuamasaga", "Admin2_Region": "Safata", "WindGust_kmph": 112, "Fluvial_Inundation_m": 0.0, "Coastal_Inundation_m": 0.25, "Road_km": 0.01000000000143408, "Fluvial_Flood_Loss": 0, "Coastal_Flood_Loss": 32, "Loss": 32 }, "geometry": { "type": "LineString", "coordinates": [ [ -171.878865325484952, -13.992024993123568 ], [ -171.878950482262979, -13.992060479700022 ] ] } },
{ "type": "Feature", "properties": { "UseType": "track", "Asset": "Road", "Value": 400, "Details": null, "Structure": null, "Wall_Material": null, "Condition": null, "Admin1_Region": "Tuamasaga", "Admin2_Region": "Safata", "WindGust_kmph": 112, "Fluvial_Inundation_m": 0.0, "Coastal_Inundation_m": 0.53, "Road_km": 0.0099999999966877817, "Fluvial_Flood_Loss": 0, "Coastal_Flood_Loss": 65, "Loss": 65 }, "geometry": { "type": "LineString", "coordinates": [ [ -171.878950482262979, -13.992060479700022 ], [ -171.87903563906562, -13.992095966244934 ] ] } },
{ "type": "Feature", "properties": { "UseType": "track", "Asset": "Road", "Value": 400, "Details": null, "Structure": null, "Wall_Material": null, "Condition": null, "Admin1_Region": "Tuamasaga", "Admin2_Region": "Safata", "WindGust_kmph": 112, "Fluvial_Inundation_m": 0.0, "Coastal_Inundation_m": 0.48, "Road_km": 0.010000000000899569, "Fluvial_Flood_Loss": 0, "Coastal_Flood_Loss": 62, "Loss": 62 }, "geometry": { "type": "LineString", "coordinates": [ [ -171.87903563906562, -13.992095966244934 ], [ -171.879120795892902, -13.992131452758336 ] ] } },
{ "type": "Feature", "properties": { "UseType": "track", "Asset": "Road", "Value": 400, "Details": null, "Structure": null, "Wall_Material": null, "Condition": null, "Admin1_Region": "Tuamasaga", "Admin2_Region": "Safata", "WindGust_kmph": 112, "Fluvial_Inundation_m": 0.0, "Coastal_Inundation_m": 0.21, "Road_km": 0.010000000001177692, "Fluvial_Flood_Loss": 0, "Coastal_Flood_Loss": 26, "Loss": 26 }, "geometry": { "type": "LineString", "coordinates": [ [ -171.879120795892902, -13.992131452758336 ], [ -171.879205952744798, -13.992166939240198 ] ] } },
{ "type": "Feature", "properties": { "UseType": "track", "Asset": "Road", "Value": 400, "Details": null, "Structure": null, "Wall_Material": null, "Condition": null, "Admin1_Region": "Tuamasaga", "Admin2_Region": "Safata", "WindGust_kmph": 112, "Fluvial_Inundation_m": 0.0, "Coastal_Inundation_m": 0.46, "Road_km": 0.010000000000418506, "Fluvial_Flood_Loss": 0, "Coastal_Flood_Loss": 59, "Loss": 59 }, "geometry": { "type": "LineString", "coordinates": [ [ -171.879205952744798, -13.992166939240198 ], [ -171.879291109621306, -13.99220242569055 ] ] } },
{ "type": "Feature", "properties": { "UseType": "track", "Asset": "Road", "Value": 400, "Details": null, "Structure": null, "Wall_Material": null, "Condition": null, "Admin1_Region": "Tuamasaga", "Admin2_Region": "Safata", "WindGust_kmph": 112, "Fluvial_Inundation_m": 0.0, "Coastal_Inundation_m": 0.62, "Road_km": 0.0099999999978678897, "Fluvial_Flood_Loss": 0, "Coastal_Flood_Loss": 70, "Loss": 70 }, "geometry": { "type": "LineString", "coordinates": [ [ -171.879291109621306, -13.99220242569055 ], [ -171.87935559999994, -13.9922293 ], [ -171.879376654342821, -13.992236964216158 ] ] } },
{ "type": "Feature", "properties": { "UseType": "track", "Asset": "Road", "Value": 400, "Details": null, "Structure": null, "Wall_Material": null, "Condition": null, "Admin1_Region": "Tuamasaga", "Admin2_Region": "Safata", "WindGust_kmph": 112, "Fluvial_Inundation_m": 0.0, "Coastal_Inundation_m": 0.62, "Road_km": 0.010000000004036442, "Fluvial_Flood_Loss": 0, "Coastal_Flood_Loss": 70, "Loss": 70 }, "geometry": { "type": "LineString", "coordinates": [ [ -171.879376654342821, -13.992236964216158 ], [ -171.879463409290338, -13.992268544785752 ] ] } },
{ "type": "Feature", "properties": { "UseType": "track", "Asset": "Road", "Value": 400, "Details": null, "Structure": null, "Wall_Material": null, "Condition": null, "Admin1_Region": "Tuamasaga", "Admin2_Region": "Safata", "WindGust_kmph": 112, "Fluvial_Inundation_m": 0.0, "Coastal_Inundation_m": 0.48, "Road_km": 0.0099999999957032532, "Fluvial_Flood_Loss": 0, "Coastal_Flood_Loss": 61, "Loss": 61 }, "geometry": { "type": "LineString", "coordinates": [ [ -171.879463409290338, -13.992268544785752 ], [ -171.879550164259854, -13.992300125322854 ] ] } },
{ "type": "Feature", "properties": { "UseType": "track", "Asset": "Road", "Value": 400, "Details": null, "Structure": null, "Wall_Material": null, "Condition": null, "Admin1_Region": "Tuamasaga", "Admin2_Region": "Safata", "WindGust_kmph": 112, "Fluvial_Inundation_m": 0.0, "Coastal_Inundation_m": 0.41, "Road_km": 0.010000000000278337, "Fluvial_Flood_Loss": 0, "Coastal_Flood_Loss": 52, "Loss": 52 }, "geometry": { "type": "LineString", "coordinates": [ [ -171.879550164259854, -13.992300125322854 ], [ -171.879636919251425, -13.992331705827462 ] ] } },
{ "type": "Feature", "properties": { "UseType": "track", "Asset": "Road", "Value": 400, "Details": null, "Structure": null, "Wall_Material": null, "Condition": null, "Admin1_Region": "Tuamasaga", "Admin2_Region": "Safata", "WindGust_kmph": 112, "Fluvial_Inundation_m": 0.0, "Coastal_Inundation_m": 0.52, "Road_km": 0.01000000000077419, "Fluvial_Flood_Loss": 0, "Coastal_Flood_Loss": 65, "Loss": 65 }, "geometry": { "type": "LineString", "coordinates": [ [ -171.880433243076453, -13.99305805070118 ], [ -171.880478655510444, -13.993136838539238 ] ] } },
{ "type": "Feature", "properties": { "UseType": "track", "Asset": "Road", "Value": 400, "Details": null, "Structure": null, "Wall_Material": null, "Condition": null, "Admin1_Region": "Tuamasaga", "Admin2_Region": "Safata", "WindGust_kmph": 112, "Fluvial_Inundation_m": 0.0, "Coastal_Inundation_m": 0.18, "Road_km": 0.0099999999992281766, "Fluvial_Flood_Loss": 0, "Coastal_Flood_Loss": 23, "Loss": 23 }, "geometry": { "type": "LineString", "coordinates": [ [ -171.880478655510444, -13.993136838539238 ], [ -171.880522899999875, -13.9932136 ], [ -171.880522788705122, -13.993215922737118 ] ] } },
{ "type": "Feature", "properties": { "UseType": "track", "Asset": "Road", "Value": 400, "Details": null, "Structure": null, "Wall_Material": null, "Condition": null, "Admin1_Region": "Tuamasaga", "Admin2_Region": "Safata", "WindGust_kmph": 112, "Fluvial_Inundation_m": 0.0, "Coastal_Inundation_m": 0.18, "Road_km": 0.0099999999997780181, "Fluvial_Flood_Loss": 0, "Coastal_Flood_Loss": 23, "Loss": 23 }, "geometry": { "type": "LineString", "coordinates": [ [ -171.880522788705122, -13.993215922737118 ], [ -171.880518461415477, -13.993306233843434 ] ] } },
{ "type": "Feature", "properties": { "UseType": "service", "Asset": "Road", "Value": 400, "Details": null, "Structure": null, "Wall_Material": null, "Condition": null, "Admin1_Region": "Tuamasaga", "Admin2_Region": "Vaimauga West", "WindGust_kmph": 116, "Fluvial_Inundation_m": 0.0, "Coastal_Inundation_m": 0.14, "Road_km": 0.010000000000555466, "Fluvial_Flood_Loss": 0, "Coastal_Flood_Loss": 17, "Loss": 17 }, "geometry": { "type": "LineString", "coordinates": [ [ -171.776463903623124, -13.832508507797396 ], [ -171.776385307213417, -13.832556215571113 ] ] } },
{ "type": "Feature", "properties": { "UseType": "residential", "Asset": "Road", "Value": 953, "Details": null, "Structure": null, "Wall_Material": null, "Condition": null, "Admin1_Region": "Tuamasaga", "Admin2_Region": "Vaimauga West", "WindGust_kmph": 117, "Fluvial_Inundation_m": 0.0, "Coastal_Inundation_m": 0.06, "Road_km": 0.010000000001143518, "Fluvial_Flood_Loss": 0, "Coastal_Flood_Loss": 18, "Loss": 18 }, "geometry": { "type": "LineString", "coordinates": [ [ -171.759348572297057, -13.833355733831507 ], [ -171.759304205551558, -13.833276392206974 ] ] } },
{ "type": "Feature", "properties": { "UseType": "residential", "Asset": "Road", "Value": 953, "Details": null, "Structure": null, "Wall_Material": null, "Condition": null, "Admin1_Region": "Tuamasaga", "Admin2_Region": "Vaimauga West", "WindGust_kmph": 117, "Fluvial_Inundation_m": 0.0, "Coastal_Inundation_m": 0.14, "Road_km": 0.0099999999983219224, "Fluvial_Flood_Loss": 0, "Coastal_Flood_Loss": 43, "Loss": 43 }, "geometry": { "type": "LineString", "coordinates": [ [ -171.759304205551558, -13.833276392206974 ], [ -171.759275299999956, -13.8332247 ], [ -171.759261961819732, -13.833196014271202 ] ] } },
{ "type": "Feature", "properties": { "UseType": "residential", "Asset": "Road", "Value": 953, "Details": null, "Structure": null, "Wall_Material": null, "Condition": null, "Admin1_Region": "Tuamasaga", "Admin2_Region": "Vaimauga West", "WindGust_kmph": 120, "Fluvial_Inundation_m": 0.0, "Coastal_Inundation_m": 0.14, "Road_km": 0.010000000000694179, "Fluvial_Flood_Loss": 0, "Coastal_Flood_Loss": 43, "Loss": 43 }, "geometry": { "type": "LineString", "coordinates": [ [ -171.759261961819732, -13.833196014271202 ], [ -171.759223687156151, -13.833113698901602 ] ] } },
{ "type": "Feature", "properties": { "UseType": "residential", "Asset": "Road", "Value": 953, "Details": "Main Beach Road", "Structure": null, "Wall_Material": null, "Condition": null, "Admin1_Region": "Tuamasaga", "Admin2_Region": "Vaimauga West", "WindGust_kmph": 133, "Fluvial_Inundation_m": 0.0, "Coastal_Inundation_m": 0.31, "Road_km": 0.010000000000275346, "Fluvial_Flood_Loss": 0, "Coastal_Flood_Loss": 95, "Loss": 95 }, "geometry": { "type": "LineString", "coordinates": [ [ -171.753046030398536, -13.828588229789824 ], [ -171.752956488839914, -13.828611003413004 ] ] } },
{ "type": "Feature", "properties": { "UseType": "residential", "Asset": "Road", "Value": 953, "Details": "Main Beach Road", "Structure": null, "Wall_Material": null, "Condition": null, "Admin1_Region": "Tuamasaga", "Admin2_Region": "Vaimauga West", "WindGust_kmph": 142, "Fluvial_Inundation_m": 0.0, "Coastal_Inundation_m": 0.41, "Road_km": 0.0099999999995314878, "Fluvial_Flood_Loss": 0, "Coastal_Flood_Loss": 124, "Loss": 124 }, "geometry": { "type": "LineString", "coordinates": [ [ -171.752588325734791, -13.828637697775392 ], [ -171.75254149999995, -13.82864 ], [ -171.75249732708275, -13.828651216170364 ] ] } },
{ "type": "Feature", "properties": { "UseType": "residential", "Asset": "Road", "Value": 953, "Details": "Main Beach Road", "Structure": null, "Wall_Material": null, "Condition": null, "Admin1_Region": "Tuamasaga", "Admin2_Region": "Vaimauga West", "WindGust_kmph": 142, "Fluvial_Inundation_m": 0.0, "Coastal_Inundation_m": 0.41, "Road_km": 0.0099999999998100792, "Fluvial_Flood_Loss": 0, "Coastal_Flood_Loss": 124, "Loss": 124 }, "geometry": { "type": "LineString", "coordinates": [ [ -171.75249732708275, -13.828651216170364 ], [ -171.752452099999942, -13.8286627 ], [ -171.752407785293741, -13.828673989033097 ] ] } },
{ "type": "Feature", "properties": { "UseType": "residential", "Asset": "Road", "Value": 953, "Details": "Main Beach Road", "Structure": null, "Wall_Material": null, "Condition": null, "Admin1_Region": "Tuamasaga", "Admin2_Region": "Vaimauga West", "WindGust_kmph": 133, "Fluvial_Inundation_m": 0.0, "Coastal_Inundation_m": 0.57, "Road_km": 0.010000000000622414, "Fluvial_Flood_Loss": 0, "Coastal_Flood_Loss": 162, "Loss": 162 }, "geometry": { "type": "LineString", "coordinates": [ [ -171.752199839402806, -13.828838624885144 ], [ -171.752179, -13.8288716 ], [ -171.75216926456784, -13.828922374032796 ] ] } },
{ "type": "Feature", "properties": { "UseType": "residential", "Asset": "Road", "Value": 953, "Details": null, "Structure": null, "Wall_Material": null, "Condition": null, "Admin1_Region": "Tuamasaga", "Admin2_Region": "Vaimauga West", "WindGust_kmph": 86, "Fluvial_Inundation_m": 0.0, "Coastal_Inundation_m": 0.14, "Road_km": 0.010000000000526412, "Fluvial_Flood_Loss": 0, "Coastal_Flood_Loss": 42, "Loss": 42 }, "geometry": { "type": "LineString", "coordinates": [ [ -171.745191938908533, -13.835059520714621 ], [ -171.745140433042536, -13.834984409901301 ] ] } },
{ "type": "Feature", "properties": { "UseType": "primary", "Asset": "Road", "Value": 10479, "Details": "Main East Coast Road", "Structure": null, "Wall_Material": null, "Condition": null, "Admin1_Region": "Atua", "Admin2_Region": "Anoamaa West", "WindGust_kmph": 156, "Fluvial_Inundation_m": 0.0, "Coastal_Inundation_m": 0.42, "Road_km": 0.010000000002171397, "Fluvial_Flood_Loss": 0, "Coastal_Flood_Loss": 247, "Loss": 247 }, "geometry": { "type": "LineString", "coordinates": [ [ -171.653938543392826, -13.872281590994405 ], [ -171.653885072650922, -13.872355386816789 ] ] } },
{ "type": "Feature", "properties": { "UseType": "primary", "Asset": "Road", "Value": 10479, "Details": "Main East Coast Road", "Structure": null, "Wall_Material": null, "Condition": null, "Admin1_Region": "Atua", "Admin2_Region": "Anoamaa West", "WindGust_kmph": 162, "Fluvial_Inundation_m": 0.0, "Coastal_Inundation_m": 0.42, "Road_km": 0.0099999999998080878, "Fluvial_Flood_Loss": 0, "Coastal_Flood_Loss": 246, "Loss": 246 }, "geometry": { "type": "LineString", "coordinates": [ [ -171.653885072650922, -13.872355386816789 ], [ -171.653831601875766, -13.872429182628533 ] ] } },
{ "type": "Feature", "properties": { "UseType": "primary", "Asset": "Road", "Value": 10479, "Details": "Main East Coast Road", "Structure": null, "Wall_Material": null, "Condition": null, "Admin1_Region": "Atua", "Admin2_Region": "Anoamaa West", "WindGust_kmph": 162, "Fluvial_Inundation_m": 0.0, "Coastal_Inundation_m": 0.22, "Road_km": 0.010000000000687842, "Fluvial_Flood_Loss": 0, "Coastal_Flood_Loss": 92, "Loss": 92 }, "geometry": { "type": "LineString", "coordinates": [ [ -171.653831601875766, -13.872429182628533 ], [ -171.653778131067298, -13.872502978429617 ] ] } },
{ "type": "Feature", "properties": { "UseType": "path", "Asset": "Road", "Value": 400, "Details": null, "Structure": null, "Wall_Material": null, "Condition": null, "Admin1_Region": "Tuamasaga", "Admin2_Region": "Vaimauga West", "WindGust_kmph": 124, "Fluvial_Inundation_m": 0.0, "Coastal_Inundation_m": 0.33, "Road_km": 0.010000000001411082, "Fluvial_Flood_Loss": 0, "Coastal_Flood_Loss": 42, "Loss": 42 }, "geometry": { "type": "LineString", "coordinates": [ [ -171.744451064267366, -13.832811459773053 ], [ -171.744403899999952, -13.832764 ], [ -171.744386283087522, -13.832746907467515 ] ] } },
{ "type": "Feature", "properties": { "UseType": "path", "Asset": "Road", "Value": 400, "Details": null, "Structure": null, "Wall_Material": null, "Condition": null, "Admin1_Region": "Tuamasaga", "Admin2_Region": "Vaimauga West", "WindGust_kmph": 124, "Fluvial_Inundation_m": 0.0, "Coastal_Inundation_m": 0.33, "Road_km": 0.0099999999993661982, "Fluvial_Flood_Loss": 0, "Coastal_Flood_Loss": 42, "Loss": 42 }, "geometry": { "type": "LineString", "coordinates": [ [ -171.744386283087522, -13.832746907467515 ], [ -171.744320624427218, -13.832683203149562 ] ] } },
{ "type": "Feature", "properties": { "UseType": "path", "Asset": "Road", "Value": 400, "Details": null, "Structure": null, "Wall_Material": null, "Condition": null, "Admin1_Region": "Tuamasaga", "Admin2_Region": "Vaimauga West", "WindGust_kmph": 128, "Fluvial_Inundation_m": 0.0, "Coastal_Inundation_m": 0.34, "Road_km": 0.0099999999987073554, "Fluvial_Flood_Loss": 0, "Coastal_Flood_Loss": 43, "Loss": 43 }, "geometry": { "type": "LineString", "coordinates": [ [ -171.744320624427218, -13.832683203149562 ], [ -171.744254965802639, -13.832619498811903 ] ] } },
{ "type": "Feature", "properties": { "UseType": "path", "Asset": "Road", "Value": 400, "Details": null, "Structure": null, "Wall_Material": null, "Condition": null, "Admin1_Region": "Tuamasaga", "Admin2_Region": "Vaimauga West", "WindGust_kmph": 125, "Fluvial_Inundation_m": 0.0, "Coastal_Inundation_m": 0.34, "Road_km": 0.0099999999981308669, "Fluvial_Flood_Loss": 0, "Coastal_Flood_Loss": 43, "Loss": 43 }, "geometry": { "type": "LineString", "coordinates": [ [ -171.744254965802639, -13.832619498811903 ], [ -171.744189307213759, -13.832555794454533 ] ] } },
{ "type": "Feature", "properties": { "UseType": "path", "Asset": "Road", "Value": 400, "Details": null, "Structure": null, "Wall_Material": null, "Condition": null, "Admin1_Region": "Tuamasaga", "Admin2_Region": "Vaimauga West", "WindGust_kmph": 125, "Fluvial_Inundation_m": 0.0, "Coastal_Inundation_m": 0.63, "Road_km": 0.0099999999988308868, "Fluvial_Flood_Loss": 0, "Coastal_Flood_Loss": 71, "Loss": 71 }, "geometry": { "type": "LineString", "coordinates": [ [ -171.744123648660576, -13.832492090077457 ], [ -171.744057990143148, -13.832428385680673 ] ] } },
{ "type": "Feature", "properties": { "UseType": "path", "Asset": "Road", "Value": 400, "Details": null, "Structure": null, "Wall_Material": null, "Condition": null, "Admin1_Region": "Tuamasaga", "Admin2_Region": "Vaimauga West", "WindGust_kmph": 129, "Fluvial_Inundation_m": 0.0, "Coastal_Inundation_m": 0.69, "Road_km": 0.010000000000107397, "Fluvial_Flood_Loss": 0, "Coastal_Flood_Loss": 74, "Loss": 74 }, "geometry": { "type": "LineString", "coordinates": [ [ -171.744057990143148, -13.832428385680673 ], [ -171.743992331661417, -13.832364681264179 ] ] } },
{ "type": "Feature", "properties": { "UseType": "path", "Asset": "Road", "Value": 400, "Details": null, "Structure": null, "Wall_Material": null, "Condition": null, "Admin1_Region": "Tuamasaga", "Admin2_Region": "Vaimauga West", "WindGust_kmph": 125, "Fluvial_Inundation_m": 0.0, "Coastal_Inundation_m": 0.72, "Road_km": 0.010000000000806223, "Fluvial_Flood_Loss": 0, "Coastal_Flood_Loss": 76, "Loss": 76 }, "geometry": { "type": "LineString", "coordinates": [ [ -171.743992331661417, -13.832364681264179 ], [ -171.743926673215384, -13.832300976827961 ] ] } },
{ "type": "Feature", "properties": { "UseType": "path", "Asset": "Road", "Value": 400, "Details": null, "Structure": null, "Wall_Material": null, "Condition": null, "Admin1_Region": "Tuamasaga", "Admin2_Region": "Vaimauga West", "WindGust_kmph": 125, "Fluvial_Inundation_m": 0.0, "Coastal_Inundation_m": 0.67, "Road_km": 0.0099999999988308868, "Fluvial_Flood_Loss": 0, "Coastal_Flood_Loss": 73, "Loss": 73 }, "geometry": { "type": "LineString", "coordinates": [ [ -171.743926673215384, -13.832300976827961 ], [ -171.743861014805105, -13.832237272372055 ] ] } },
{ "type": "Feature", "properties": { "UseType": "path", "Asset": "Road", "Value": 400, "Details": null, "Structure": null, "Wall_Material": null, "Condition": null, "Admin1_Region": "Tuamasaga", "Admin2_Region": "Vaimauga West", "WindGust_kmph": 125, "Fluvial_Inundation_m": 0.0, "Coastal_Inundation_m": 0.67, "Road_km": 0.0099999999994473572, "Fluvial_Flood_Loss": 0, "Coastal_Flood_Loss": 73, "Loss": 73 }, "geometry": { "type": "LineString", "coordinates": [ [ -171.743861014805105, -13.832237272372055 ], [ -171.743795356430525, -13.832173567896422 ] ] } },
{ "type": "Feature", "properties": { "UseType": "path", "Asset": "Road", "Value": 400, "Details": null, "Structure": null, "Wall_Material": null, "Condition": null, "Admin1_Region": "Tuamasaga", "Admin2_Region": "Vaimauga West", "WindGust_kmph": 125, "Fluvial_Inundation_m": 0.0, "Coastal_Inundation_m": 0.66, "Road_km": 0.010000000000312903, "Fluvial_Flood_Loss": 0, "Coastal_Flood_Loss": 73, "Loss": 73 }, "geometry": { "type": "LineString", "coordinates": [ [ -171.743795356430525, -13.832173567896422 ], [ -171.743782299999936, -13.832160900000011 ], [ -171.743724425305572, -13.832206160469193 ] ] } },
{ "type": "Feature", "properties": { "UseType": "path", "Asset": "Road", "Value": 400, "Details": null, "Structure": null, "Wall_Material": null, "Condition": null, "Admin1_Region": "Tuamasaga", "Admin2_Region": "Vaimauga West", "WindGust_kmph": 121, "Fluvial_Inundation_m": 0.0, "Coastal_Inundation_m": 0.66, "Road_km": 0.010000000000079825, "Fluvial_Flood_Loss": 0, "Coastal_Flood_Loss": 73, "Loss": 73 }, "geometry": { "type": "LineString", "coordinates": [ [ -171.743724425305572, -13.832206160469193 ], [ -171.743652185383439, -13.832262655113997 ] ] } },
{ "type": "Feature", "properties": { "UseType": "path", "Asset": "Road", "Value": 400, "Details": null, "Structure": null, "Wall_Material": null, "Condition": null, "Admin1_Region": "Tuamasaga", "Admin2_Region": "Vaimauga West", "WindGust_kmph": 121, "Fluvial_Inundation_m": 0.0, "Coastal_Inundation_m": 0.28, "Road_km": 0.010000000000216501, "Fluvial_Flood_Loss": 0, "Coastal_Flood_Loss": 35, "Loss": 35 }, "geometry": { "type": "LineString", "coordinates": [ [ -171.743652185383439, -13.832262655113997 ], [ -171.743579945426006, -13.832319149739016 ] ] } },
{ "type": "Feature", "properties": { "UseType": "footway", "Asset": "Road", "Value": 400, "Details": null, "Structure": null, "Wall_Material": null, "Condition": null, "Admin1_Region": "Aiga-i-le-Tai", "Admin2_Region": "Aiga i le Tai", "WindGust_kmph": 163, "Fluvial_Inundation_m": 0.0, "Coastal_Inundation_m": 0.39, "Road_km": 0.0099999999991651229, "Fluvial_Flood_Loss": 0, "Coastal_Flood_Loss": 49, "Loss": 49 }, "geometry": { "type": "LineString", "coordinates": [ [ -172.116946864488085, -13.853559578829515 ], [ -172.117034702168638, -13.85358799006991 ] ] } },
{ "type": "Feature", "properties": { "UseType": "footway", "Asset": "Road", "Value": 400, "Details": null, "Structure": null, "Wall_Material": null, "Condition": null, "Admin1_Region": "Aiga-i-le-Tai", "Admin2_Region": "Aiga i le Tai", "WindGust_kmph": 163, "Fluvial_Inundation_m": 0.0, "Coastal_Inundation_m": 0.39, "Road_km": 0.0099999999987237433, "Fluvial_Flood_Loss": 0, "Coastal_Flood_Loss": 49, "Loss": 49 }, "geometry": { "type": "LineString", "coordinates": [ [ -172.117034702168638, -13.85358799006991 ], [ -172.117122539868348, -13.853616401277115 ] ] } },
{ "type": "Feature", "properties": { "UseType": "footway", "Asset": "Road", "Value": 179, "Details": null, "Structure": null, "Wall_Material": null, "Condition": null, "Admin1_Region": "Aiga-i-le-Tai", "Admin2_Region": "Aiga i le Tai", "WindGust_kmph": 160, "Fluvial_Inundation_m": 0.0, "Coastal_Inundation_m": 0.13, "Road_km": 0.0044696212730454925, "Fluvial_Flood_Loss": 0, "Coastal_Flood_Loss": 7, "Loss": 7 }, "geometry": { "type": "LineString", "coordinates": [ [ -172.117122539868348, -13.853616401277115 ], [ -172.11716179999965, -13.853629099999983 ] ] } },
{ "type": "Feature", "properties": { "UseType": "residential", "Asset": "Road", "Value": 953, "Details": null, "Structure": null, "Wall_Material": null, "Condition": null, "Admin1_Region": "A'ana", "Admin2_Region": "Falelatai & Samatau", "WindGust_kmph": 90, "Fluvial_Inundation_m": 0.0, "Coastal_Inundation_m": 0.81, "Road_km": 0.0099999999997724704, "Fluvial_Flood_Loss": 0, "Coastal_Flood_Loss": 193, "Loss": 193 }, "geometry": { "type": "LineString", "coordinates": [ [ -172.032561199999805, -13.9088815 ], [ -172.032492960623898, -13.908942573177898 ] ] } },
{ "type": "Feature", "properties": { "UseType": "residential", "Asset": "Road", "Value": 953, "Details": null, "Structure": null, "Wall_Material": null, "Condition": null, "Admin1_Region": "A'ana", "Admin2_Region": "Falelatai & Samatau", "WindGust_kmph": 90, "Fluvial_Inundation_m": 0.0, "Coastal_Inundation_m": 0.49, "Road_km": 0.010000000000637586, "Fluvial_Flood_Loss": 0, "Coastal_Flood_Loss": 149, "Loss": 149 }, "geometry": { "type": "LineString", "coordinates": [ [ -172.033059399999843, -13.908509199999987 ], [ -172.032985893036795, -13.908564131170472 ] ] } },
{ "type": "Feature", "properties": { "UseType": "residential", "Asset": "Road", "Value": 953, "Details": null, "Structure": null, "Wall_Material": null, "Condition": null, "Admin1_Region": "A'ana", "Admin2_Region": "Falelatai & Samatau", "WindGust_kmph": 90, "Fluvial_Inundation_m": 0.0, "Coastal_Inundation_m": 0.11, "Road_km": 0.010000000002018596, "Fluvial_Flood_Loss": 0, "Coastal_Flood_Loss": 34, "Loss": 34 }, "geometry": { "type": "LineString", "coordinates": [ [ -172.032492960623898, -13.908942573177898 ], [ -172.032424721211953, -13.909003646338897 ] ] } },
{ "type": "Feature", "properties": { "UseType": "residential", "Asset": "Road", "Value": 953, "Details": null, "Structure": null, "Wall_Material": null, "Condition": null, "Admin1_Region": "A'ana", "Admin2_Region": "Falelatai & Samatau", "WindGust_kmph": 94, "Fluvial_Inundation_m": 0.0, "Coastal_Inundation_m": 0.11, "Road_km": 0.0099999999972302835, "Fluvial_Flood_Loss": 0, "Coastal_Flood_Loss": 33, "Loss": 33 }, "geometry": { "type": "LineString", "coordinates": [ [ -172.032424721211953, -13.909003646338897 ], [ -172.032356481763998, -13.909064719482991 ] ] } },
{ "type": "Feature", "properties": { "UseType": "residential", "Asset": "Road", "Value": 953, "Details": null, "Structure": null, "Wall_Material": null, "Condition": null, "Admin1_Region": "A'ana", "Admin2_Region": "Falelatai & Samatau", "WindGust_kmph": 97, "Fluvial_Inundation_m": 0.0, "Coastal_Inundation_m": 0.23, "Road_km": 0.010000000002231257, "Fluvial_Flood_Loss": 0, "Coastal_Flood_Loss": 69, "Loss": 69 }, "geometry": { "type": "LineString", "coordinates": [ [ -172.032356481763998, -13.909064719482991 ], [ -172.032288242279975, -13.909125792610181 ] ] } },
{ "type": "Feature", "properties": { "UseType": "residential", "Asset": "Road", "Value": 953, "Details": null, "Structure": null, "Wall_Material": null, "Condition": null, "Admin1_Region": "A'ana", "Admin2_Region": "Falelatai & Samatau", "WindGust_kmph": 97, "Fluvial_Inundation_m": 0.0, "Coastal_Inundation_m": 0.77, "Road_km": 0.0099999999999045106, "Fluvial_Flood_Loss": 0, "Coastal_Flood_Loss": 188, "Loss": 188 }, "geometry": { "type": "LineString", "coordinates": [ [ -172.032288242279975, -13.909125792610181 ], [ -172.032220002759942, -13.909186865720468 ] ] } },
{ "type": "Feature", "properties": { "UseType": "residential", "Asset": "Road", "Value": 953, "Details": null, "Structure": null, "Wall_Material": null, "Condition": null, "Admin1_Region": "A'ana", "Admin2_Region": "Falelatai & Samatau", "WindGust_kmph": 90, "Fluvial_Inundation_m": 0.0, "Coastal_Inundation_m": 0.26, "Road_km": 0.0099999999995586484, "Fluvial_Flood_Loss": 0, "Coastal_Flood_Loss": 78, "Loss": 78 }, "geometry": { "type": "LineString", "coordinates": [ [ -172.03269186483098, -13.908783855652551 ], [ -172.032618357691121, -13.908838786723113 ] ] } },
{ "type": "Feature", "properties": { "UseType": "residential", "Asset": "Road", "Value": 741, "Details": null, "Structure": null, "Wall_Material": null, "Condition": null, "Admin1_Region": "A'ana", "Admin2_Region": "Falelatai & Samatau", "WindGust_kmph": 90, "Fluvial_Inundation_m": 0.0, "Coastal_Inundation_m": 0.68, "Road_km": 0.0077757979691258179, "Fluvial_Flood_Loss": 0, "Coastal_Flood_Loss": 137, "Loss": 137 }, "geometry": { "type": "LineString", "coordinates": [ [ -172.032618357691121, -13.908838786723113 ], [ -172.032561199999805, -13.9088815 ] ] } },
{ "type": "Feature", "properties": { "UseType": "residential", "Asset": "Road", "Value": 953, "Details": null, "Structure": null, "Wall_Material": null, "Condition": null, "Admin1_Region": "A'ana", "Admin2_Region": "Falelatai & Samatau", "WindGust_kmph": 117, "Fluvial_Inundation_m": 0.0, "Coastal_Inundation_m": 0.08, "Road_km": 0.010000000000294076, "Fluvial_Flood_Loss": 0, "Coastal_Flood_Loss": 23, "Loss": 23 }, "geometry": { "type": "LineString", "coordinates": [ [ -172.031265000591731, -13.909895890971237 ], [ -172.031231699999807, -13.909917399999978 ], [ -172.031192383254535, -13.909951574492458 ] ] } },
{ "type": "Feature", "properties": { "UseType": "residential", "Asset": "Road", "Value": 953, "Details": null, "Structure": null, "Wall_Material": null, "Condition": null, "Admin1_Region": "A'ana", "Admin2_Region": "Falelatai & Samatau", "WindGust_kmph": 117, "Fluvial_Inundation_m": 0.0, "Coastal_Inundation_m": 0.08, "Road_km": 0.009999999998802361, "Fluvial_Flood_Loss": 0, "Coastal_Flood_Loss": 23, "Loss": 23 }, "geometry": { "type": "LineString", "coordinates": [ [ -172.031192383254535, -13.909951574492458 ], [ -172.031123242177074, -13.910011672542655 ] ] } },
{ "type": "Feature", "properties": { "UseType": "residential", "Asset": "Road", "Value": 953, "Details": null, "Structure": null, "Wall_Material": null, "Condition": null, "Admin1_Region": "A'ana", "Admin2_Region": "Falelatai & Samatau", "WindGust_kmph": 117, "Fluvial_Inundation_m": 0.0, "Coastal_Inundation_m": 0.06, "Road_km": 0.010000000000984954, "Fluvial_Flood_Loss": 0, "Coastal_Flood_Loss": 19, "Loss": 19 }, "geometry": { "type": "LineString", "coordinates": [ [ -172.031123242177074, -13.910011672542655 ], [ -172.031054101063575, -13.910071770575435 ] ] } },
{ "type": "Feature", "properties": { "UseType": "residential", "Asset": "Road", "Value": 953, "Details": null, "Structure": null, "Wall_Material": null, "Condition": null, "Admin1_Region": "A'ana", "Admin2_Region": "Falelatai & Samatau", "WindGust_kmph": 122, "Fluvial_Inundation_m": 0.0, "Coastal_Inundation_m": 0.15, "Road_km": 0.0099999999998400934, "Fluvial_Flood_Loss": 0, "Coastal_Flood_Loss": 45, "Loss": 45 }, "geometry": { "type": "LineString", "coordinates": [ [ -172.030984959914122, -13.910131868590803 ], [ -172.03091581872863, -13.910191966588751 ] ] } },
{ "type": "Feature", "properties": { "UseType": "residential", "Asset": "Road", "Value": 953, "Details": null, "Structure": null, "Wall_Material": null, "Condition": null, "Admin1_Region": "A'ana", "Admin2_Region": "Falelatai & Samatau", "WindGust_kmph": 122, "Fluvial_Inundation_m": 0.0, "Coastal_Inundation_m": 0.09, "Road_km": 0.010000000001159561, "Fluvial_Flood_Loss": 0, "Coastal_Flood_Loss": 28, "Loss": 28 }, "geometry": { "type": "LineString", "coordinates": [ [ -172.03091581872863, -13.910191966588751 ], [ -172.030846677507128, -13.910252064569287 ] ] } },
{ "type": "Feature", "properties": { "UseType": "residential", "Asset": "Road", "Value": 953, "Details": null, "Structure": null, "Wall_Material": null, "Condition": null, "Admin1_Region": "A'ana", "Admin2_Region": "Falelatai & Samatau", "WindGust_kmph": 122, "Fluvial_Inundation_m": 0.0, "Coastal_Inundation_m": 0.73, "Road_km": 0.0099999999991515747, "Fluvial_Flood_Loss": 0, "Coastal_Flood_Loss": 182, "Loss": 182 }, "geometry": { "type": "LineString", "coordinates": [ [ -172.030846677507128, -13.910252064569287 ], [ -172.030777536249644, -13.910312162532406 ] ] } },
{ "type": "Feature", "properties": { "UseType": "residential", "Asset": "Road", "Value": 953, "Details": null, "Structure": null, "Wall_Material": null, "Condition": null, "Admin1_Region": "A'ana", "Admin2_Region": "Falelatai & Samatau", "WindGust_kmph": 122, "Fluvial_Inundation_m": 0.0, "Coastal_Inundation_m": 0.13, "Road_km": 0.010000000000648348, "Fluvial_Flood_Loss": 0, "Coastal_Flood_Loss": 38, "Loss": 38 }, "geometry": { "type": "LineString", "coordinates": [ [ -172.030777536249644, -13.910312162532406 ], [ -172.030769899999797, -13.9103188 ], [ -172.030715453352741, -13.910379123958464 ] ] } },
{ "type": "Feature", "properties": { "UseType": "residential", "Asset": "Road", "Value": 953, "Details": null, "Structure": null, "Wall_Material": null, "Condition": null, "Admin1_Region": "A'ana", "Admin2_Region": "Falelatai & Samatau", "WindGust_kmph": 122, "Fluvial_Inundation_m": 0.0, "Coastal_Inundation_m": 0.06, "Road_km": 0.0099999999972039625, "Fluvial_Flood_Loss": 0, "Coastal_Flood_Loss": 18, "Loss": 18 }, "geometry": { "type": "LineString", "coordinates": [ [ -172.030715453352741, -13.910379123958464 ], [ -172.030654246766403, -13.910446937516818 ] ] } },
{ "type": "Feature", "properties": { "UseType": "residential", "Asset": "Road", "Value": 953, "Details": null, "Structure": null, "Wall_Material": null, "Condition": null, "Admin1_Region": "A'ana", "Admin2_Region": "Falelatai & Samatau", "WindGust_kmph": 126, "Fluvial_Inundation_m": 0.0, "Coastal_Inundation_m": 0.4, "Road_km": 0.01000000000227144, "Fluvial_Flood_Loss": 0, "Coastal_Flood_Loss": 121, "Loss": 121 }, "geometry": { "type": "LineString", "coordinates": [ [ -172.030654246766403, -13.910446937516818 ], [ -172.03059304014468, -13.910514751061916 ] ] } },
{ "type": "Feature", "properties": { "UseType": "residential", "Asset": "Road", "Value": 953, "Details": null, "Structure": null, "Wall_Material": null, "Condition": null, "Admin1_Region": "A'ana", "Admin2_Region": "Falelatai & Samatau", "WindGust_kmph": 126, "Fluvial_Inundation_m": 0.0, "Coastal_Inundation_m": 0.08, "Road_km": 0.0099999999999891408, "Fluvial_Flood_Loss": 0, "Coastal_Flood_Loss": 24, "Loss": 24 }, "geometry": { "type": "LineString", "coordinates": [ [ -172.03059304014468, -13.910514751061916 ], [ -172.030531833487601, -13.910582564593756 ] ] } },
{ "type": "Feature", "properties": { "UseType": "residential", "Asset": "Road", "Value": 953, "Details": null, "Structure": null, "Wall_Material": null, "Condition": null, "Admin1_Region": "A'ana", "Admin2_Region": "Falelatai & Samatau", "WindGust_kmph": 126, "Fluvial_Inundation_m": 0.0, "Coastal_Inundation_m": 0.21, "Road_km": 0.0099999999994862619, "Fluvial_Flood_Loss": 0, "Coastal_Flood_Loss": 63, "Loss": 63 }, "geometry": { "type": "LineString", "coordinates": [ [ -172.030531833487601, -13.910582564593756 ], [ -172.030470626795193, -13.910650378112337 ] ] } },
{ "type": "Feature", "properties": { "UseType": "residential", "Asset": "Road", "Value": 953, "Details": null, "Structure": null, "Wall_Material": null, "Condition": null, "Admin1_Region": "A'ana", "Admin2_Region": "Falelatai & Samatau", "WindGust_kmph": 126, "Fluvial_Inundation_m": 0.0, "Coastal_Inundation_m": 0.36, "Road_km": 0.010000000000840168, "Fluvial_Flood_Loss": 0, "Coastal_Flood_Loss": 110, "Loss": 110 }, "geometry": { "type": "LineString", "coordinates": [ [ -172.030470626795193, -13.910650378112337 ], [ -172.030409420067429, -13.91071819161766 ] ] } },
{ "type": "Feature", "properties": { "UseType": "residential", "Asset": "Road", "Value": 953, "Details": null, "Structure": null, "Wall_Material": null, "Condition": null, "Admin1_Region": "A'ana", "Admin2_Region": "Falelatai & Samatau", "WindGust_kmph": 131, "Fluvial_Inundation_m": 0.0, "Coastal_Inundation_m": 0.36, "Road_km": 0.010000000000337289, "Fluvial_Flood_Loss": 0, "Coastal_Flood_Loss": 110, "Loss": 110 }, "geometry": { "type": "LineString", "coordinates": [ [ -172.030409420067429, -13.91071819161766 ], [ -172.030348213304308, -13.910786005109724 ] ] } },
{ "type": "Feature", "properties": { "UseType": "residential", "Asset": "Road", "Value": 953, "Details": null, "Structure": null, "Wall_Material": null, "Condition": null, "Admin1_Region": "A'ana", "Admin2_Region": "Falelatai & Samatau", "WindGust_kmph": 131, "Fluvial_Inundation_m": 0.0, "Coastal_Inundation_m": 0.14, "Road_km": 0.0099999999998898557, "Fluvial_Flood_Loss": 0, "Coastal_Flood_Loss": 42, "Loss": 42 }, "geometry": { "type": "LineString", "coordinates": [ [ -172.030348213304308, -13.910786005109724 ], [ -172.030310399999792, -13.9108279 ], [ -172.0302847756017, -13.910851720721279 ] ] } },
{ "type": "Feature", "properties": { "UseType": "residential", "Asset": "Road", "Value": 953, "Details": null, "Structure": null, "Wall_Material": null, "Condition": null, "Admin1_Region": "A'ana", "Admin2_Region": "Falelatai & Samatau", "WindGust_kmph": 131, "Fluvial_Inundation_m": 0.0, "Coastal_Inundation_m": 0.33, "Road_km": 0.010000000000109937, "Fluvial_Flood_Loss": 0, "Coastal_Flood_Loss": 101, "Loss": 101 }, "geometry": { "type": "LineString", "coordinates": [ [ -172.0302847756017, -13.910851720721279 ], [ -172.030217731822916, -13.910914045318425 ] ] } },
{ "type": "Feature", "properties": { "UseType": "residential", "Asset": "Road", "Value": 953, "Details": null, "Structure": null, "Wall_Material": null, "Condition": null, "Admin1_Region": "A'ana", "Admin2_Region": "Falelatai & Samatau", "WindGust_kmph": 131, "Fluvial_Inundation_m": 0.0, "Coastal_Inundation_m": 0.11, "Road_km": 0.010000000001718809, "Fluvial_Flood_Loss": 0, "Coastal_Flood_Loss": 33, "Loss": 33 }, "geometry": { "type": "LineString", "coordinates": [ [ -172.030217731822916, -13.910914045318425 ], [ -172.030150688008064, -13.910976369899315 ] ] } },
{ "type": "Feature", "properties": { "UseType": "residential", "Asset": "Road", "Value": 953, "Details": null, "Structure": null, "Wall_Material": null, "Condition": null, "Admin1_Region": "A'ana", "Admin2_Region": "Falelatai & Samatau", "WindGust_kmph": 135, "Fluvial_Inundation_m": 0.0, "Coastal_Inundation_m": 0.09, "Road_km": 0.0099999999992631643, "Fluvial_Flood_Loss": 0, "Coastal_Flood_Loss": 28, "Loss": 28 }, "geometry": { "type": "LineString", "coordinates": [ [ -172.030150688008064, -13.910976369899315 ], [ -172.030083644157202, -13.911038694463951 ] ] } },
{ "type": "Feature", "properties": { "UseType": "residential", "Asset": "Road", "Value": 953, "Details": null, "Structure": null, "Wall_Material": null, "Condition": null, "Admin1_Region": "A'ana", "Admin2_Region": "Falelatai & Samatau", "WindGust_kmph": 135, "Fluvial_Inundation_m": 0.0, "Coastal_Inundation_m": 0.52, "Road_km": 0.010000000000829696, "Fluvial_Flood_Loss": 0, "Coastal_Flood_Loss": 154, "Loss": 154 }, "geometry": { "type": "LineString", "coordinates": [ [ -172.030083644157202, -13.911038694463951 ], [ -172.030016600270301, -13.911101019012332 ] ] } },
{ "type": "Feature", "properties": { "UseType": "residential", "Asset": "Road", "Value": 953, "Details": null, "Structure": null, "Wall_Material": null, "Condition": null, "Admin1_Region": "A'ana", "Admin2_Region": "Falelatai & Samatau", "WindGust_kmph": 135, "Fluvial_Inundation_m": 0.0, "Coastal_Inundation_m": 0.48, "Road_km": 0.010000000000363969, "Fluvial_Flood_Loss": 0, "Coastal_Flood_Loss": 145, "Loss": 145 }, "geometry": { "type": "LineString", "coordinates": [ [ -172.030016600270301, -13.911101019012332 ], [ -172.029949556347361, -13.911163343544455 ] ] } },
{ "type": "Feature", "properties": { "UseType": "residential", "Asset": "Road", "Value": 953, "Details": null, "Structure": null, "Wall_Material": null, "Condition": null, "Admin1_Region": "A'ana", "Admin2_Region": "Falelatai & Samatau", "WindGust_kmph": 135, "Fluvial_Inundation_m": 0.0, "Coastal_Inundation_m": 0.48, "Road_km": 0.010000000001134129, "Fluvial_Flood_Loss": 0, "Coastal_Flood_Loss": 145, "Loss": 145 }, "geometry": { "type": "LineString", "coordinates": [ [ -172.029949556347361, -13.911163343544455 ], [ -172.029882512388411, -13.911225668060327 ] ] } },
{ "type": "Feature", "properties": { "UseType": "residential", "Asset": "Road", "Value": 953, "Details": null, "Structure": null, "Wall_Material": null, "Condition": null, "Admin1_Region": "A'ana", "Admin2_Region": "Falelatai & Samatau", "WindGust_kmph": 139, "Fluvial_Inundation_m": 0.0, "Coastal_Inundation_m": 0.08, "Road_km": 0.010000000001422439, "Fluvial_Flood_Loss": 0, "Coastal_Flood_Loss": 24, "Loss": 24 }, "geometry": { "type": "LineString", "coordinates": [ [ -172.029882512388411, -13.911225668060327 ], [ -172.029815468393394, -13.911287992559938 ] ] } },
{ "type": "Feature", "properties": { "UseType": "residential", "Asset": "Road", "Value": 953, "Details": null, "Structure": null, "Wall_Material": null, "Condition": null, "Admin1_Region": "A'ana", "Admin2_Region": "Falelatai & Samatau", "WindGust_kmph": 139, "Fluvial_Inundation_m": 0.0, "Coastal_Inundation_m": 0.07, "Road_km": 0.010000000001803486, "Fluvial_Flood_Loss": 0, "Coastal_Flood_Loss": 22, "Loss": 22 }, "geometry": { "type": "LineString", "coordinates": [ [ -172.029681380295273, -13.91141264151039 ], [ -172.029614336192139, -13.911474965961231 ] ] } },
{ "type": "Feature", "properties": { "UseType": "residential", "Asset": "Road", "Value": 953, "Details": null, "Structure": null, "Wall_Material": null, "Condition": null, "Admin1_Region": "A'ana", "Admin2_Region": "Falelatai & Samatau", "WindGust_kmph": 139, "Fluvial_Inundation_m": 0.0, "Coastal_Inundation_m": 0.64, "Road_km": 0.0099999999973155798, "Fluvial_Flood_Loss": 0, "Coastal_Flood_Loss": 171, "Loss": 171 }, "geometry": { "type": "LineString", "coordinates": [ [ -172.029614336192139, -13.911474965961231 ], [ -172.029547292053024, -13.911537290395815 ] ] } },
{ "type": "Feature", "properties": { "UseType": "residential", "Asset": "Road", "Value": 953, "Details": null, "Structure": null, "Wall_Material": null, "Condition": null, "Admin1_Region": "A'ana", "Admin2_Region": "Falelatai & Samatau", "WindGust_kmph": 143, "Fluvial_Inundation_m": 0.0, "Coastal_Inundation_m": 0.64, "Road_km": 0.010000000002777277, "Fluvial_Flood_Loss": 0, "Coastal_Flood_Loss": 171, "Loss": 171 }, "geometry": { "type": "LineString", "coordinates": [ [ -172.029547292053024, -13.911537290395815 ], [ -172.029480247877814, -13.911599614814143 ] ] } },
{ "type": "Feature", "properties": { "UseType": "residential", "Asset": "Road", "Value": 953, "Details": null, "Structure": null, "Wall_Material": null, "Condition": null, "Admin1_Region": "A'ana", "Admin2_Region": "Falelatai & Samatau", "WindGust_kmph": 142, "Fluvial_Inundation_m": 0.0, "Coastal_Inundation_m": 0.1, "Road_km": 0.010000000000525262, "Fluvial_Flood_Loss": 0, "Coastal_Flood_Loss": 31, "Loss": 31 }, "geometry": { "type": "LineString", "coordinates": [ [ -172.029212070816698, -13.911848912324869 ], [ -172.029145026461322, -13.911911236661902 ] ] } },
{ "type": "Feature", "properties": { "UseType": "tertiary", "Asset": "Road", "Value": 2381, "Details": null, "Structure": null, "Wall_Material": null, "Condition": null, "Admin1_Region": "A'ana", "Admin2_Region": "Lefaga & Faleseela", "WindGust_kmph": 155, "Fluvial_Inundation_m": 0.0, "Coastal_Inundation_m": 0.43, "Road_km": 0.0099999999997108201, "Fluvial_Flood_Loss": 0, "Coastal_Flood_Loss": 327, "Loss": 327 }, "geometry": { "type": "LineString", "coordinates": [ [ -171.960753340454062, -13.948369124353386 ], [ -171.960801224864696, -13.948291752100463 ] ] } },
{ "type": "Feature", "properties": { "UseType": "tertiary", "Asset": "Road", "Value": 2381, "Details": null, "Structure": null, "Wall_Material": null, "Condition": null, "Admin1_Region": "A'ana", "Admin2_Region": "Lefaga & Faleseela", "WindGust_kmph": 150, "Fluvial_Inundation_m": 0.0, "Coastal_Inundation_m": 0.1, "Road_km": 0.0099999999993913586, "Fluvial_Flood_Loss": 0, "Coastal_Flood_Loss": 75, "Loss": 75 }, "geometry": { "type": "LineString", "coordinates": [ [ -171.960849109244492, -13.948214379839685 ], [ -171.960896993593451, -13.948137007571054 ] ] } },
{ "type": "Feature", "properties": { "UseType": "tertiary", "Asset": "Road", "Value": 2381, "Details": null, "Structure": null, "Wall_Material": null, "Condition": null, "Admin1_Region": "A'ana", "Admin2_Region": "Lefaga & Faleseela", "WindGust_kmph": 155, "Fluvial_Inundation_m": 0.0, "Coastal_Inundation_m": 0.31, "Road_km": 0.010000000000725063, "Fluvial_Flood_Loss": 0, "Coastal_Flood_Loss": 237, "Loss": 237 }, "geometry": { "type": "LineString", "coordinates": [ [ -171.960992762198941, -13.947982263010239 ], [ -171.961040646455444, -13.947904890718055 ] ] } },
{ "type": "Feature", "properties": { "UseType": "tertiary", "Asset": "Road", "Value": 2381, "Details": null, "Structure": null, "Wall_Material": null, "Condition": null, "Admin1_Region": "A'ana", "Admin2_Region": "Lefaga & Faleseela", "WindGust_kmph": 150, "Fluvial_Inundation_m": 0.0, "Coastal_Inundation_m": 0.3, "Road_km": 0.010000000000027898, "Fluvial_Flood_Loss": 0, "Coastal_Flood_Loss": 230, "Loss": 230 }, "geometry": { "type": "LineString", "coordinates": [ [ -171.961280067275709, -13.947518029139363 ], [ -171.9613279513473, -13.947440656800071 ] ] } },
{ "type": "Feature", "properties": { "UseType": "tertiary", "Asset": "Road", "Value": 2381, "Details": null, "Structure": null, "Wall_Material": null, "Condition": null, "Admin1_Region": "A'ana", "Admin2_Region": "Lefaga & Faleseela", "WindGust_kmph": 150, "Fluvial_Inundation_m": 0.0, "Coastal_Inundation_m": 0.3, "Road_km": 0.010000000001951486, "Fluvial_Flood_Loss": 0, "Coastal_Flood_Loss": 230, "Loss": 230 }, "geometry": { "type": "LineString", "coordinates": [ [ -171.9613279513473, -13.947440656800071 ], [ -171.961375835388083, -13.947363284452928 ] ] } },
{ "type": "Feature", "properties": { "UseType": "tertiary", "Asset": "Road", "Value": 2381, "Details": null, "Structure": null, "Wall_Material": null, "Condition": null, "Admin1_Region": "A'ana", "Admin2_Region": "Lefaga & Faleseela", "WindGust_kmph": 140, "Fluvial_Inundation_m": 0.0, "Coastal_Inundation_m": 0.63, "Road_km": 0.0099999999987859002, "Fluvial_Flood_Loss": 0, "Coastal_Flood_Loss": 424, "Loss": 424 }, "geometry": { "type": "LineString", "coordinates": [ [ -171.961375835388083, -13.947363284452928 ], [ -171.961417599999891, -13.9472958 ], [ -171.961424421296186, -13.947286360387984 ] ] } },
{ "type": "Feature", "properties": { "UseType": "tertiary", "Asset": "Road", "Value": 2381, "Details": null, "Structure": null, "Wall_Material": null, "Condition": null, "Admin1_Region": "A'ana", "Admin2_Region": "Lefaga & Faleseela", "WindGust_kmph": 140, "Fluvial_Inundation_m": 0.0, "Coastal_Inundation_m": 0.25, "Road_km": 0.010000000000365628, "Fluvial_Flood_Loss": 0, "Coastal_Flood_Loss": 188, "Loss": 188 }, "geometry": { "type": "LineString", "coordinates": [ [ -171.961424421296186, -13.947286360387984 ], [ -171.961477797593261, -13.947212495872035 ] ] } },
{ "type": "Feature", "properties": { "UseType": "tertiary", "Asset": "Road", "Value": 2381, "Details": null, "Structure": null, "Wall_Material": null, "Condition": null, "Admin1_Region": "A'ana", "Admin2_Region": "Lefaga & Faleseela", "WindGust_kmph": 140, "Fluvial_Inundation_m": 0.0, "Coastal_Inundation_m": 0.25, "Road_km": 0.010000000001715867, "Fluvial_Flood_Loss": 0, "Coastal_Flood_Loss": 188, "Loss": 188 }, "geometry": { "type": "LineString", "coordinates": [ [ -171.961477797593261, -13.947212495872035 ], [ -171.961531173857196, -13.947138631346126 ] ] } },
{ "type": "Feature", "properties": { "UseType": "tertiary", "Asset": "Road", "Value": 2381, "Details": null, "Structure": null, "Wall_Material": null, "Condition": null, "Admin1_Region": "A'ana", "Admin2_Region": "Lefaga & Faleseela", "WindGust_kmph": 140, "Fluvial_Inundation_m": 0.0, "Coastal_Inundation_m": 0.52, "Road_km": 0.0099999999974815651, "Fluvial_Flood_Loss": 0, "Coastal_Flood_Loss": 386, "Loss": 386 }, "geometry": { "type": "LineString", "coordinates": [ [ -171.961648773534364, -13.946999192382631 ], [ -171.96170934864827, -13.946930829693937 ] ] } },
{ "type": "Feature", "properties": { "UseType": "tertiary", "Asset": "Road", "Value": 2381, "Details": null, "Structure": null, "Wall_Material": null, "Condition": null, "Admin1_Region": "A'ana", "Admin2_Region": "Lefaga & Faleseela", "WindGust_kmph": 140, "Fluvial_Inundation_m": 0.0, "Coastal_Inundation_m": 0.52, "Road_km": 0.0099999999990888384, "Fluvial_Flood_Loss": 0, "Coastal_Flood_Loss": 388, "Loss": 388 }, "geometry": { "type": "LineString", "coordinates": [ [ -171.96170934864827, -13.946930829693937 ], [ -171.96176992372682, -13.946862466992085 ] ] } },
{ "type": "Feature", "properties": { "UseType": "path", "Asset": "Road", "Value": 400, "Details": "Manono Island Trail", "Structure": null, "Wall_Material": null, "Condition": null, "Admin1_Region": "Aiga-i-le-Tai", "Admin2_Region": "Aiga i le Tai", "WindGust_kmph": 156, "Fluvial_Inundation_m": 0.0, "Coastal_Inundation_m": 0.39, "Road_km": 0.0099999999987203641, "Fluvial_Flood_Loss": 0, "Coastal_Flood_Loss": 49, "Loss": 49 }, "geometry": { "type": "LineString", "coordinates": [ [ -172.116819569909978, -13.843191142379029 ], [ -172.116728699500584, -13.84317413983319 ] ] } },
{ "type": "Feature", "properties": { "UseType": "path", "Asset": "Road", "Value": 400, "Details": "Manono Island Trail", "Structure": null, "Wall_Material": null, "Condition": null, "Admin1_Region": "Aiga-i-le-Tai", "Admin2_Region": "Aiga i le Tai", "WindGust_kmph": 156, "Fluvial_Inundation_m": 0.0, "Coastal_Inundation_m": 0.19, "Road_km": 0.0099999999996342407, "Fluvial_Flood_Loss": 0, "Coastal_Flood_Loss": 24, "Loss": 24 }, "geometry": { "type": "LineString", "coordinates": [ [ -172.116728699500584, -13.84317413983319 ], [ -172.116637829101819, -13.843157137252625 ] ] } },
{ "type": "Feature", "properties": { "UseType": "track", "Asset": "Road", "Value": 400, "Details": null, "Structure": null, "Wall_Material": null, "Condition": null, "Admin1_Region": "Atua", "Admin2_Region": "Anoamaa West", "WindGust_kmph": 148, "Fluvial_Inundation_m": 0.0, "Coastal_Inundation_m": 0.61, "Road_km": 0.0099999999992054674, "Fluvial_Flood_Loss": 0, "Coastal_Flood_Loss": 70, "Loss": 70 }, "geometry": { "type": "LineString", "coordinates": [ [ -171.608844796511278, -13.874654297797122 ], [ -171.608816460939209, -13.874568224081578 ] ] } },
{ "type": "Feature", "properties": { "UseType": "track", "Asset": "Road", "Value": 400, "Details": null, "Structure": null, "Wall_Material": null, "Condition": null, "Admin1_Region": "Atua", "Admin2_Region": "Anoamaa West", "WindGust_kmph": 148, "Fluvial_Inundation_m": 0.0, "Coastal_Inundation_m": 0.61, "Road_km": 0.0099999999995590821, "Fluvial_Flood_Loss": 0, "Coastal_Flood_Loss": 70, "Loss": 70 }, "geometry": { "type": "LineString", "coordinates": [ [ -171.608816460939209, -13.874568224081578 ], [ -171.608788125389225, -13.874482150361292 ] ] } },
{ "type": "Feature", "properties": { "UseType": "path", "Asset": "Road", "Value": 400, "Details": "Manono Island Trail", "Structure": null, "Wall_Material": null, "Condition": null, "Admin1_Region": "Aiga-i-le-Tai", "Admin2_Region": "Aiga i le Tai", "WindGust_kmph": 114, "Fluvial_Inundation_m": 0.0, "Coastal_Inundation_m": 0.35, "Road_km": 0.010000000000017393, "Fluvial_Flood_Loss": 0, "Coastal_Flood_Loss": 44, "Loss": 44 }, "geometry": { "type": "LineString", "coordinates": [ [ -172.106558957561532, -13.843038073117937 ], [ -172.106522386107969, -13.843121115937796 ] ] } },
{ "type": "Feature", "properties": { "UseType": "path", "Asset": "Road", "Value": 400, "Details": "Manono Island Trail", "Structure": null, "Wall_Material": null, "Condition": null, "Admin1_Region": "Aiga-i-le-Tai", "Admin2_Region": "Aiga i le Tai", "WindGust_kmph": 113, "Fluvial_Inundation_m": 0.0, "Coastal_Inundation_m": 0.35, "Road_km": 0.010000000000482491, "Fluvial_Flood_Loss": 0, "Coastal_Flood_Loss": 44, "Loss": 44 }, "geometry": { "type": "LineString", "coordinates": [ [ -172.106522386107969, -13.843121115937796 ], [ -172.106485814630275, -13.84320415875359 ] ] } },
{ "type": "Feature", "properties": { "UseType": "path", "Asset": "Road", "Value": 400, "Details": "Manono Island Trail", "Structure": null, "Wall_Material": null, "Condition": null, "Admin1_Region": "Aiga-i-le-Tai", "Admin2_Region": "Aiga i le Tai", "WindGust_kmph": 110, "Fluvial_Inundation_m": 0.0, "Coastal_Inundation_m": 0.61, "Road_km": 0.01000000000092433, "Fluvial_Flood_Loss": 0, "Coastal_Flood_Loss": 70, "Loss": 70 }, "geometry": { "type": "LineString", "coordinates": [ [ -172.106485814630275, -13.84320415875359 ], [ -172.106449243128509, -13.843287201565312 ] ] } },
{ "type": "Feature", "properties": { "UseType": "path", "Asset": "Road", "Value": 400, "Details": "Manono Island Trail", "Structure": null, "Wall_Material": null, "Condition": null, "Admin1_Region": "Aiga-i-le-Tai", "Admin2_Region": "Aiga i le Tai", "WindGust_kmph": 110, "Fluvial_Inundation_m": 0.0, "Coastal_Inundation_m": 0.38, "Road_km": 0.010000000000668528, "Fluvial_Flood_Loss": 0, "Coastal_Flood_Loss": 48, "Loss": 48 }, "geometry": { "type": "LineString", "coordinates": [ [ -172.106412671602669, -13.84337024437297 ], [ -172.106376100052728, -13.843453287176555 ] ] } },
{ "type": "Feature", "properties": { "UseType": "path", "Asset": "Road", "Value": 400, "Details": "Manono Island Trail", "Structure": null, "Wall_Material": null, "Condition": null, "Admin1_Region": "Aiga-i-le-Tai", "Admin2_Region": "Aiga i le Tai", "WindGust_kmph": 107, "Fluvial_Inundation_m": 0.0, "Coastal_Inundation_m": 0.08, "Road_km": 0.0099999999999476272, "Fluvial_Flood_Loss": 0, "Coastal_Flood_Loss": 10, "Loss": 10 }, "geometry": { "type": "LineString", "coordinates": [ [ -172.106376100052728, -13.843453287176555 ], [ -172.106339528478713, -13.843536329976075 ] ] } },
{ "type": "Feature", "properties": { "UseType": "path", "Asset": "Road", "Value": 400, "Details": "Manono Island Trail", "Structure": null, "Wall_Material": null, "Condition": null, "Admin1_Region": "Aiga-i-le-Tai", "Admin2_Region": "Aiga i le Tai", "WindGust_kmph": 100, "Fluvial_Inundation_m": 0.0, "Coastal_Inundation_m": 0.64, "Road_km": 0.0099999999994681687, "Fluvial_Flood_Loss": 0, "Coastal_Flood_Loss": 71, "Loss": 71 }, "geometry": { "type": "LineString", "coordinates": [ [ -172.105956533855476, -13.844046145625397 ], [ -172.105901360361571, -13.844118717547788 ] ] } },
{ "type": "Feature", "properties": { "UseType": "path", "Asset": "Road", "Value": 400, "Details": "Manono Island Trail", "Structure": null, "Wall_Material": null, "Condition": null, "Admin1_Region": "Aiga-i-le-Tai", "Admin2_Region": "Aiga i le Tai", "WindGust_kmph": 100, "Fluvial_Inundation_m": 0.0, "Coastal_Inundation_m": 0.68, "Road_km": 0.01000000000028323, "Fluvial_Flood_Loss": 0, "Coastal_Flood_Loss": 74, "Loss": 74 }, "geometry": { "type": "LineString", "coordinates": [ [ -172.105901360361571, -13.844118717547788 ], [ -172.105846186834185, -13.844191289459875 ] ] } },
{ "type": "Feature", "properties": { "UseType": "path", "Asset": "Road", "Value": 400, "Details": "Manono Island Trail", "Structure": null, "Wall_Material": null, "Condition": null, "Admin1_Region": "Aiga-i-le-Tai", "Admin2_Region": "Aiga i le Tai", "WindGust_kmph": 101, "Fluvial_Inundation_m": 0.0, "Coastal_Inundation_m": 0.24, "Road_km": 0.009999999999549777, "Fluvial_Flood_Loss": 0, "Coastal_Flood_Loss": 31, "Loss": 31 }, "geometry": { "type": "LineString", "coordinates": [ [ -172.10568066605137, -13.844409005134443 ], [ -172.105625492390203, -13.844481577005377 ] ] } },
{ "type": "Feature", "properties": { "UseType": "path", "Asset": "Road", "Value": 400, "Details": "Manono Island Trail", "Structure": null, "Wall_Material": null, "Condition": null, "Admin1_Region": "Aiga-i-le-Tai", "Admin2_Region": "Aiga i le Tai", "WindGust_kmph": 101, "Fluvial_Inundation_m": 0.0, "Coastal_Inundation_m": 0.24, "Road_km": 0.0099999999999920638, "Fluvial_Flood_Loss": 0, "Coastal_Flood_Loss": 31, "Loss": 31 }, "geometry": { "type": "LineString", "coordinates": [ [ -172.105625492390203, -13.844481577005377 ], [ -172.105570318695584, -13.84455414886604 ] ] } },
{ "type": "Feature", "properties": { "UseType": "path", "Asset": "Road", "Value": 400, "Details": "Manono Island Trail", "Structure": null, "Wall_Material": null, "Condition": null, "Admin1_Region": "Aiga-i-le-Tai", "Admin2_Region": "Aiga i le Tai", "WindGust_kmph": 94, "Fluvial_Inundation_m": 0.0, "Coastal_Inundation_m": 0.29, "Road_km": 0.0099999999994294739, "Fluvial_Flood_Loss": 0, "Coastal_Flood_Loss": 36, "Loss": 36 }, "geometry": { "type": "LineString", "coordinates": [ [ -172.105235951593329, -13.844839587647437 ], [ -172.105214899999737, -13.844873199999988 ], [ -172.10518376236007, -13.844914128348314 ] ] } },
{ "type": "Feature", "properties": { "UseType": "path", "Asset": "Road", "Value": 400, "Details": "Manono Island Trail", "Structure": null, "Wall_Material": null, "Condition": null, "Admin1_Region": "Aiga-i-le-Tai", "Admin2_Region": "Aiga i le Tai", "WindGust_kmph": 94, "Fluvial_Inundation_m": 0.0, "Coastal_Inundation_m": 0.29, "Road_km": 0.0099999999988945962, "Fluvial_Flood_Loss": 0, "Coastal_Flood_Loss": 36, "Loss": 36 }, "geometry": { "type": "LineString", "coordinates": [ [ -172.10518376236007, -13.844914128348314 ], [ -172.105156699999782, -13.844949699999987 ], [ -172.105128550497113, -13.844986672574656 ] ] } },
{ "type": "Feature", "properties": { "UseType": "path", "Asset": "Road", "Value": 400, "Details": "Manono Island Trail", "Structure": null, "Wall_Material": null, "Condition": null, "Admin1_Region": "Aiga-i-le-Tai", "Admin2_Region": "Aiga i le Tai", "WindGust_kmph": 94, "Fluvial_Inundation_m": 0.0, "Coastal_Inundation_m": 0.27, "Road_km": 0.010000000001788439, "Fluvial_Flood_Loss": 0, "Coastal_Flood_Loss": 34, "Loss": 34 }, "geometry": { "type": "LineString", "coordinates": [ [ -172.105128550497113, -13.844986672574656 ], [ -172.105073325387536, -13.845059207189509 ] ] } },
{ "type": "Feature", "properties": { "UseType": "path", "Asset": "Road", "Value": 400, "Details": "Manono Island Trail", "Structure": null, "Wall_Material": null, "Condition": null, "Admin1_Region": "Aiga-i-le-Tai", "Admin2_Region": "Aiga i le Tai", "WindGust_kmph": 94, "Fluvial_Inundation_m": 0.0, "Coastal_Inundation_m": 0.07, "Road_km": 0.0099999999977682281, "Fluvial_Flood_Loss": 0, "Coastal_Flood_Loss": 9, "Loss": 9 }, "geometry": { "type": "LineString", "coordinates": [ [ -172.105073325387536, -13.845059207189509 ], [ -172.105018100244507, -13.84513174179405 ] ] } },
{ "type": "Feature", "properties": { "UseType": "path", "Asset": "Road", "Value": 400, "Details": "Manono Island Trail", "Structure": null, "Wall_Material": null, "Condition": null, "Admin1_Region": "Aiga-i-le-Tai", "Admin2_Region": "Aiga i le Tai", "WindGust_kmph": 90, "Fluvial_Inundation_m": 0.0, "Coastal_Inundation_m": 0.41, "Road_km": 0.0099999999996909384, "Fluvial_Flood_Loss": 0, "Coastal_Flood_Loss": 52, "Loss": 52 }, "geometry": { "type": "LineString", "coordinates": [ [ -172.104962875067997, -13.845204276388278 ], [ -172.104907649858035, -13.845276810972196 ] ] } },
{ "type": "Feature", "properties": { "UseType": "path", "Asset": "Road", "Value": 400, "Details": "Manono Island Trail", "Structure": null, "Wall_Material": null, "Condition": null, "Admin1_Region": "Aiga-i-le-Tai", "Admin2_Region": "Aiga i le Tai", "WindGust_kmph": 90, "Fluvial_Inundation_m": 0.0, "Coastal_Inundation_m": 0.17, "Road_km": 0.010000000000040522, "Fluvial_Flood_Loss": 0, "Coastal_Flood_Loss": 22, "Loss": 22 }, "geometry": { "type": "LineString", "coordinates": [ [ -172.104631523306097, -13.845639483737076 ], [ -172.104576297895278, -13.845712018259109 ] ] } },
{ "type": "Feature", "properties": { "UseType": "path", "Asset": "Road", "Value": 400, "Details": "Manono Island Trail", "Structure": null, "Wall_Material": null, "Condition": null, "Admin1_Region": "Aiga-i-le-Tai", "Admin2_Region": "Aiga i le Tai", "WindGust_kmph": 94, "Fluvial_Inundation_m": 0.0, "Coastal_Inundation_m": 0.37, "Road_km": 0.0099999999975235194, "Fluvial_Flood_Loss": 0, "Coastal_Flood_Loss": 47, "Loss": 47 }, "geometry": { "type": "LineString", "coordinates": [ [ -172.104576297895278, -13.845712018259109 ], [ -172.104521072451035, -13.845784552770832 ] ] } },
{ "type": "Feature", "properties": { "UseType": "path", "Asset": "Road", "Value": 400, "Details": "Manono Island Trail", "Structure": null, "Wall_Material": null, "Condition": null, "Admin1_Region": "Aiga-i-le-Tai", "Admin2_Region": "Aiga i le Tai", "WindGust_kmph": 94, "Fluvial_Inundation_m": 0.0, "Coastal_Inundation_m": 0.19, "Road_km": 0.010000000001459909, "Fluvial_Flood_Loss": 0, "Coastal_Flood_Loss": 24, "Loss": 24 }, "geometry": { "type": "LineString", "coordinates": [ [ -172.104521072451035, -13.845784552770832 ], [ -172.104465846973284, -13.845857087272256 ] ] } },
{ "type": "Feature", "properties": { "UseType": "path", "Asset": "Road", "Value": 400, "Details": "Manono Island Trail", "Structure": null, "Wall_Material": null, "Condition": null, "Admin1_Region": "Aiga-i-le-Tai", "Admin2_Region": "Aiga i le Tai", "WindGust_kmph": 94, "Fluvial_Inundation_m": 0.0, "Coastal_Inundation_m": 0.4, "Road_km": 0.010000000000774648, "Fluvial_Flood_Loss": 0, "Coastal_Flood_Loss": 51, "Loss": 51 }, "geometry": { "type": "LineString", "coordinates": [ [ -172.104465846973284, -13.845857087272256 ], [ -172.104410621462051, -13.845929621763347 ] ] } },
{ "type": "Feature", "properties": { "UseType": "path", "Asset": "Road", "Value": 400, "Details": "Manono Island Trail", "Structure": null, "Wall_Material": null, "Condition": null, "Admin1_Region": "Aiga-i-le-Tai", "Admin2_Region": "Aiga i le Tai", "WindGust_kmph": 94, "Fluvial_Inundation_m": 0.0, "Coastal_Inundation_m": 0.4, "Road_km": 0.009999999998138864, "Fluvial_Flood_Loss": 0, "Coastal_Flood_Loss": 51, "Loss": 51 }, "geometry": { "type": "LineString", "coordinates": [ [ -172.104410621462051, -13.845929621763347 ], [ -172.104355395917395, -13.846002156244142 ] ] } },
{ "type": "Feature", "properties": { "UseType": "path", "Asset": "Road", "Value": 400, "Details": "Manono Island Trail", "Structure": null, "Wall_Material": null, "Condition": null, "Admin1_Region": "Aiga-i-le-Tai", "Admin2_Region": "Aiga i le Tai", "WindGust_kmph": 90, "Fluvial_Inundation_m": 0.0, "Coastal_Inundation_m": 0.52, "Road_km": 0.010000000000519921, "Fluvial_Flood_Loss": 0, "Coastal_Flood_Loss": 64, "Loss": 64 }, "geometry": { "type": "LineString", "coordinates": [ [ -172.104355395917395, -13.846002156244142 ], [ -172.104342799999728, -13.846018699999981 ], [ -172.104300170916503, -13.846074691134232 ] ] } },
{ "type": "Feature", "properties": { "UseType": "path", "Asset": "Road", "Value": 400, "Details": "Manono Island Trail", "Structure": null, "Wall_Material": null, "Condition": null, "Admin1_Region": "Aiga-i-le-Tai", "Admin2_Region": "Aiga i le Tai", "WindGust_kmph": 94, "Fluvial_Inundation_m": 0.0, "Coastal_Inundation_m": 0.59, "Road_km": 0.01000000000126417, "Fluvial_Flood_Loss": 0, "Coastal_Flood_Loss": 68, "Loss": 68 }, "geometry": { "type": "LineString", "coordinates": [ [ -172.104300170916503, -13.846074691134232 ], [ -172.104244946052688, -13.846147226138006 ] ] } },
{ "type": "Feature", "properties": { "UseType": "path", "Asset": "Road", "Value": 400, "Details": "Manono Island Trail", "Structure": null, "Wall_Material": null, "Condition": null, "Admin1_Region": "Aiga-i-le-Tai", "Admin2_Region": "Aiga i le Tai", "WindGust_kmph": 94, "Fluvial_Inundation_m": 0.0, "Coastal_Inundation_m": 0.54, "Road_km": 0.0099999999986423276, "Fluvial_Flood_Loss": 0, "Coastal_Flood_Loss": 66, "Loss": 66 }, "geometry": { "type": "LineString", "coordinates": [ [ -172.104244946052688, -13.846147226138006 ], [ -172.10418972115545, -13.846219761131461 ] ] } },
{ "type": "Feature", "properties": { "UseType": "path", "Asset": "Road", "Value": 400, "Details": "Manono Island Trail", "Structure": null, "Wall_Material": null, "Condition": null, "Admin1_Region": "Aiga-i-le-Tai", "Admin2_Region": "Aiga i le Tai", "WindGust_kmph": 93, "Fluvial_Inundation_m": 0.0, "Coastal_Inundation_m": 0.34, "Road_km": 0.010000000001089379, "Fluvial_Flood_Loss": 0, "Coastal_Flood_Loss": 44, "Loss": 44 }, "geometry": { "type": "LineString", "coordinates": [ [ -172.10418972115545, -13.846219761131461 ], [ -172.104134496224702, -13.846292296114603 ] ] } },
{ "type": "Feature", "properties": { "UseType": "path", "Asset": "Road", "Value": 400, "Details": "Manono Island Trail", "Structure": null, "Wall_Material": null, "Condition": null, "Admin1_Region": "Aiga-i-le-Tai", "Admin2_Region": "Aiga i le Tai", "WindGust_kmph": 93, "Fluvial_Inundation_m": 0.0, "Coastal_Inundation_m": 0.46, "Road_km": 0.0099999999991666946, "Fluvial_Flood_Loss": 0, "Coastal_Flood_Loss": 58, "Loss": 58 }, "geometry": { "type": "LineString", "coordinates": [ [ -172.104079271260531, -13.846364831087428 ], [ -172.10402404626285, -13.84643736604994 ] ] } },
{ "type": "Feature", "properties": { "UseType": "path", "Asset": "Road", "Value": 400, "Details": "Manono Island Trail", "Structure": null, "Wall_Material": null, "Condition": null, "Admin1_Region": "Aiga-i-le-Tai", "Admin2_Region": "Aiga i le Tai", "WindGust_kmph": 97, "Fluvial_Inundation_m": 0.0, "Coastal_Inundation_m": 0.19, "Road_km": 0.010000000000867733, "Fluvial_Flood_Loss": 0, "Coastal_Flood_Loss": 23, "Loss": 23 }, "geometry": { "type": "LineString", "coordinates": [ [ -172.10402404626285, -13.84643736604994 ], [ -172.104019299999749, -13.8464436 ], [ -172.103967767204637, -13.846509122256787 ] ] } },
{ "type": "Feature", "properties": { "UseType": "path", "Asset": "Road", "Value": 400, "Details": "Manono Island Trail", "Structure": null, "Wall_Material": null, "Condition": null, "Admin1_Region": "Aiga-i-le-Tai", "Admin2_Region": "Aiga i le Tai", "WindGust_kmph": 104, "Fluvial_Inundation_m": 0.0, "Coastal_Inundation_m": 0.55, "Road_km": 0.010000000000950433, "Fluvial_Flood_Loss": 0, "Coastal_Flood_Loss": 67, "Loss": 67 }, "geometry": { "type": "LineString", "coordinates": [ [ -172.103967767204637, -13.846509122256787 ], [ -172.10391138900772, -13.846580805231342 ] ] } },
{ "type": "Feature", "properties": { "UseType": "path", "Asset": "Road", "Value": 400, "Details": "Manono Island Trail", "Structure": null, "Wall_Material": null, "Condition": null, "Admin1_Region": "Aiga-i-le-Tai", "Admin2_Region": "Aiga i le Tai", "WindGust_kmph": 104, "Fluvial_Inundation_m": 0.0, "Coastal_Inundation_m": 0.38, "Road_km": 0.01000000000123588, "Fluvial_Flood_Loss": 0, "Coastal_Flood_Loss": 48, "Loss": 48 }, "geometry": { "type": "LineString", "coordinates": [ [ -172.10391138900772, -13.846580805231342 ], [ -172.103855010776925, -13.846652488195087 ] ] } },
{ "type": "Feature", "properties": { "UseType": "service", "Asset": "Road", "Value": 400, "Details": null, "Structure": null, "Wall_Material": null, "Condition": null, "Admin1_Region": "Tuamasaga", "Admin2_Region": "Vaimauga East", "WindGust_kmph": 87, "Fluvial_Inundation_m": 0.0, "Coastal_Inundation_m": 0.2, "Road_km": 0.010000000000820318, "Fluvial_Flood_Loss": 0, "Coastal_Flood_Loss": 25, "Loss": 25 }, "geometry": { "type": "LineString", "coordinates": [ [ -171.70748990745011, -13.864645460068937 ], [ -171.707451259488096, -13.86472761194617 ] ] } },
{ "type": "Feature", "properties": { "UseType": "path", "Asset": "Road", "Value": 400, "Details": "Manono Island Trail", "Structure": null, "Wall_Material": null, "Condition": null, "Admin1_Region": "Aiga-i-le-Tai", "Admin2_Region": "Aiga i le Tai", "WindGust_kmph": 105, "Fluvial_Inundation_m": 0.0, "Coastal_Inundation_m": 0.19, "Road_km": 0.0099999999988095827, "Fluvial_Flood_Loss": 0, "Coastal_Flood_Loss": 24, "Loss": 24 }, "geometry": { "type": "LineString", "coordinates": [ [ -172.103742254213785, -13.84679585409015 ], [ -172.103685875881439, -13.846867537021467 ] ] } },
{ "type": "Feature", "properties": { "UseType": "path", "Asset": "Road", "Value": 400, "Details": "Manono Island Trail", "Structure": null, "Wall_Material": null, "Condition": null, "Admin1_Region": "Aiga-i-le-Tai", "Admin2_Region": "Aiga i le Tai", "WindGust_kmph": 105, "Fluvial_Inundation_m": 0.0, "Coastal_Inundation_m": 0.19, "Road_km": 0.010000000002449027, "Fluvial_Flood_Loss": 0, "Coastal_Flood_Loss": 24, "Loss": 24 }, "geometry": { "type": "LineString", "coordinates": [ [ -172.103685875881439, -13.846867537021467 ], [ -172.103629497515186, -13.846939219941973 ] ] } },
{ "type": "Feature", "properties": { "UseType": "path", "Asset": "Road", "Value": 400, "Details": "Manono Island Trail", "Structure": null, "Wall_Material": null, "Condition": null, "Admin1_Region": "Aiga-i-le-Tai", "Admin2_Region": "Aiga i le Tai", "WindGust_kmph": 105, "Fluvial_Inundation_m": 0.0, "Coastal_Inundation_m": 0.34, "Road_km": 0.010000000001021794, "Fluvial_Flood_Loss": 0, "Coastal_Flood_Loss": 43, "Loss": 43 }, "geometry": { "type": "LineString", "coordinates": [ [ -172.103629497515186, -13.846939219941973 ], [ -172.103573119115083, -13.84701090285167 ] ] } },
{ "type": "Feature", "properties": { "UseType": "path", "Asset": "Road", "Value": 400, "Details": "Manono Island Trail", "Structure": null, "Wall_Material": null, "Condition": null, "Admin1_Region": "Aiga-i-le-Tai", "Admin2_Region": "Aiga i le Tai", "WindGust_kmph": 88, "Fluvial_Inundation_m": 0.0, "Coastal_Inundation_m": 0.09, "Road_km": 0.010000000001383558, "Fluvial_Flood_Loss": 0, "Coastal_Flood_Loss": 12, "Loss": 12 }, "geometry": { "type": "LineString", "coordinates": [ [ -172.101658089900468, -13.851900529989045 ], [ -172.101687181716812, -13.851986350207429 ] ] } },
{ "type": "Feature", "properties": { "UseType": "path", "Asset": "Road", "Value": 400, "Details": "Manono Island Trail", "Structure": null, "Wall_Material": null, "Condition": null, "Admin1_Region": "Aiga-i-le-Tai", "Admin2_Region": "Aiga i le Tai", "WindGust_kmph": 87, "Fluvial_Inundation_m": 0.0, "Coastal_Inundation_m": 0.41, "Road_km": 0.0099999999997841971, "Fluvial_Flood_Loss": 0, "Coastal_Flood_Loss": 52, "Loss": 52 }, "geometry": { "type": "LineString", "coordinates": [ [ -172.102977731622957, -13.855888919690722 ], [ -172.102997699999719, -13.855911 ], [ -172.10302961054137, -13.855963359878004 ] ] } },
{ "type": "Feature", "properties": { "UseType": "path", "Asset": "Road", "Value": 400, "Details": "Manono Island Trail", "Structure": null, "Wall_Material": null, "Condition": null, "Admin1_Region": "Aiga-i-le-Tai", "Admin2_Region": "Aiga i le Tai", "WindGust_kmph": 87, "Fluvial_Inundation_m": 0.0, "Coastal_Inundation_m": 0.52, "Road_km": 0.010000000000472922, "Fluvial_Flood_Loss": 0, "Coastal_Flood_Loss": 65, "Loss": 65 }, "geometry": { "type": "LineString", "coordinates": [ [ -172.10302961054137, -13.855963359878004 ], [ -172.103076950257645, -13.856041036403807 ] ] } },
{ "type": "Feature", "properties": { "UseType": "path", "Asset": "Road", "Value": 400, "Details": "Manono Island Trail", "Structure": null, "Wall_Material": null, "Condition": null, "Admin1_Region": "Aiga-i-le-Tai", "Admin2_Region": "Aiga i le Tai", "WindGust_kmph": 87, "Fluvial_Inundation_m": 0.0, "Coastal_Inundation_m": 0.23, "Road_km": 0.0099999999990545256, "Fluvial_Flood_Loss": 0, "Coastal_Flood_Loss": 28, "Loss": 28 }, "geometry": { "type": "LineString", "coordinates": [ [ -172.103076950257645, -13.856041036403807 ], [ -172.103124290006662, -13.856118712917629 ] ] } },
{ "type": "Feature", "properties": { "UseType": "path", "Asset": "Road", "Value": 400, "Details": "Manono Island Trail", "Structure": null, "Wall_Material": null, "Condition": null, "Admin1_Region": "Aiga-i-le-Tai", "Admin2_Region": "Aiga i le Tai", "WindGust_kmph": 87, "Fluvial_Inundation_m": 0.0, "Coastal_Inundation_m": 0.23, "Road_km": 0.0099999999990545256, "Fluvial_Flood_Loss": 0, "Coastal_Flood_Loss": 28, "Loss": 28 }, "geometry": { "type": "LineString", "coordinates": [ [ -172.103124290006662, -13.856118712917629 ], [ -172.103171629788449, -13.856196389419468 ] ] } },
{ "type": "Feature", "properties": { "UseType": "path", "Asset": "Road", "Value": 400, "Details": "Manono Island Trail", "Structure": null, "Wall_Material": null, "Condition": null, "Admin1_Region": "Aiga-i-le-Tai", "Admin2_Region": "Aiga i le Tai", "WindGust_kmph": 87, "Fluvial_Inundation_m": 0.0, "Coastal_Inundation_m": 0.08, "Road_km": 0.009999999998965876, "Fluvial_Flood_Loss": 0, "Coastal_Flood_Loss": 10, "Loss": 10 }, "geometry": { "type": "LineString", "coordinates": [ [ -172.103218969603034, -13.856274065909325 ], [ -172.10326630945039, -13.856351742387197 ] ] } },
{ "type": "Feature", "properties": { "UseType": "path", "Asset": "Road", "Value": 400, "Details": "Manono Island Trail", "Structure": null, "Wall_Material": null, "Condition": null, "Admin1_Region": "Aiga-i-le-Tai", "Admin2_Region": "Aiga i le Tai", "WindGust_kmph": 94, "Fluvial_Inundation_m": 0.0, "Coastal_Inundation_m": 0.4, "Road_km": 0.010000000002301175, "Fluvial_Flood_Loss": 0, "Coastal_Flood_Loss": 51, "Loss": 51 }, "geometry": { "type": "LineString", "coordinates": [ [ -172.103715340695999, -13.856669030840484 ], [ -172.103790792028462, -13.85672135971882 ] ] } },
{ "type": "Feature", "properties": { "UseType": "path", "Asset": "Road", "Value": 400, "Details": "Manono Island Trail", "Structure": null, "Wall_Material": null, "Condition": null, "Admin1_Region": "Aiga-i-le-Tai", "Admin2_Region": "Aiga i le Tai", "WindGust_kmph": 94, "Fluvial_Inundation_m": 0.0, "Coastal_Inundation_m": 0.48, "Road_km": 0.0099999999984217939, "Fluvial_Flood_Loss": 0, "Coastal_Flood_Loss": 61, "Loss": 61 }, "geometry": { "type": "LineString", "coordinates": [ [ -172.103790792028462, -13.85672135971882 ], [ -172.10386624339381, -13.856773688571156 ] ] } },
{ "type": "Feature", "properties": { "UseType": "path", "Asset": "Road", "Value": 400, "Details": "Manono Island Trail", "Structure": null, "Wall_Material": null, "Condition": null, "Admin1_Region": "Aiga-i-le-Tai", "Admin2_Region": "Aiga i le Tai", "WindGust_kmph": 94, "Fluvial_Inundation_m": 0.0, "Coastal_Inundation_m": 0.48, "Road_km": 0.0099999999989421988, "Fluvial_Flood_Loss": 0, "Coastal_Flood_Loss": 61, "Loss": 61 }, "geometry": { "type": "LineString", "coordinates": [ [ -172.10386624339381, -13.856773688571156 ], [ -172.103941694792042, -13.856826017397497 ] ] } },
{ "type": "Feature", "properties": { "UseType": "path", "Asset": "Road", "Value": 400, "Details": "Manono Island Trail", "Structure": null, "Wall_Material": null, "Condition": null, "Admin1_Region": "Aiga-i-le-Tai", "Admin2_Region": "Aiga i le Tai", "WindGust_kmph": 91, "Fluvial_Inundation_m": 0.0, "Coastal_Inundation_m": 0.22, "Road_km": 0.0099999999993142224, "Fluvial_Flood_Loss": 0, "Coastal_Flood_Loss": 28, "Loss": 28 }, "geometry": { "type": "LineString", "coordinates": [ [ -172.104390410734169, -13.857397999087944 ], [ -172.104432072485139, -13.857478721395651 ] ] } },
{ "type": "Feature", "properties": { "UseType": "path", "Asset": "Road", "Value": 400, "Details": "Manono Island Trail", "Structure": null, "Wall_Material": null, "Condition": null, "Admin1_Region": "Aiga-i-le-Tai", "Admin2_Region": "Aiga i le Tai", "WindGust_kmph": 87, "Fluvial_Inundation_m": 0.0, "Coastal_Inundation_m": 0.34, "Road_km": 0.0099999999998259918, "Fluvial_Flood_Loss": 0, "Coastal_Flood_Loss": 43, "Loss": 43 }, "geometry": { "type": "LineString", "coordinates": [ [ -172.105197930261824, -13.858595762155385 ], [ -172.105227561814246, -13.858681406024733 ] ] } },
{ "type": "Feature", "properties": { "UseType": "primary", "Asset": "Road", "Value": 3800, "Details": "Main East Coast Road", "Structure": null, "Wall_Material": null, "Condition": null, "Admin1_Region": "Tuamasaga", "Admin2_Region": "Vaimauga East", "WindGust_kmph": 84, "Fluvial_Inundation_m": 0.0, "Coastal_Inundation_m": 0.06, "Road_km": 0.0036263207433061069, "Fluvial_Flood_Loss": 0, "Coastal_Flood_Loss": 8, "Loss": 8 }, "geometry": { "type": "LineString", "coordinates": [ [ -171.708418503810208, -13.865494835973454 ], [ -171.7083873, -13.8655069 ] ] } },
{ "type": "Feature", "properties": { "UseType": "primary", "Asset": "Road", "Value": 10479, "Details": "Main East Coast Road", "Structure": null, "Wall_Material": null, "Condition": null, "Admin1_Region": "Atua", "Admin2_Region": "Anoamaa West", "WindGust_kmph": 129, "Fluvial_Inundation_m": 0.0, "Coastal_Inundation_m": 0.36, "Road_km": 0.0099999999995678771, "Fluvial_Flood_Loss": 0, "Coastal_Flood_Loss": 198, "Loss": 198 }, "geometry": { "type": "LineString", "coordinates": [ [ -171.686571699999945, -13.8647559 ], [ -171.686484275428057, -13.864785545429706 ] ] } },
{ "type": "Feature", "properties": { "UseType": "primary", "Asset": "Road", "Value": 10479, "Details": "Main East Coast Road", "Structure": null, "Wall_Material": null, "Condition": null, "Admin1_Region": "Atua", "Admin2_Region": "Anoamaa West", "WindGust_kmph": 134, "Fluvial_Inundation_m": 0.0, "Coastal_Inundation_m": 0.59, "Road_km": 0.010000000000613721, "Fluvial_Flood_Loss": 0, "Coastal_Flood_Loss": 409, "Loss": 409 }, "geometry": { "type": "LineString", "coordinates": [ [ -171.686484275428057, -13.864785545429706 ], [ -171.686396850832665, -13.864815190829123 ] ] } },
{ "type": "Feature", "properties": { "UseType": "primary", "Asset": "Road", "Value": 10479, "Details": "Main East Coast Road", "Structure": null, "Wall_Material": null, "Condition": null, "Admin1_Region": "Atua", "Admin2_Region": "Anoamaa West", "WindGust_kmph": 134, "Fluvial_Inundation_m": 0.0, "Coastal_Inundation_m": 0.22, "Road_km": 0.01000000000171461, "Fluvial_Flood_Loss": 0, "Coastal_Flood_Loss": 93, "Loss": 93 }, "geometry": { "type": "LineString", "coordinates": [ [ -171.686396850832665, -13.864815190829123 ], [ -171.686309426213711, -13.864844836198264 ] ] } },
{ "type": "Feature", "properties": { "UseType": "primary", "Asset": "Road", "Value": 10479, "Details": "Main East Coast Road", "Structure": null, "Wall_Material": null, "Condition": null, "Admin1_Region": "Atua", "Admin2_Region": "Anoamaa West", "WindGust_kmph": 134, "Fluvial_Inundation_m": 0.0, "Coastal_Inundation_m": 0.47, "Road_km": 0.0099999999996777788, "Fluvial_Flood_Loss": 0, "Coastal_Flood_Loss": 285, "Loss": 285 }, "geometry": { "type": "LineString", "coordinates": [ [ -171.686309426213711, -13.864844836198264 ], [ -171.686222001571252, -13.864874481537107 ] ] } },
{ "type": "Feature", "properties": { "UseType": "primary", "Asset": "Road", "Value": 10080, "Details": "Main East Coast Road", "Structure": null, "Wall_Material": null, "Condition": null, "Admin1_Region": "Atua", "Admin2_Region": "Anoamaa West", "WindGust_kmph": 129, "Fluvial_Inundation_m": 0.0, "Coastal_Inundation_m": 0.38, "Road_km": 0.0096198905374109151, "Fluvial_Flood_Loss": 0, "Coastal_Flood_Loss": 206, "Loss": 206 }, "geometry": { "type": "LineString", "coordinates": [ [ -171.686222001571252, -13.864874481537107 ], [ -171.686137899999977, -13.864903 ] ] } },
{ "type": "Feature", "properties": { "UseType": "primary", "Asset": "Road", "Value": 10479, "Details": "Main East Coast Road", "Structure": null, "Wall_Material": null, "Condition": null, "Admin1_Region": "Tuamasaga", "Admin2_Region": "Vaimauga East", "WindGust_kmph": 84, "Fluvial_Inundation_m": 0.0, "Coastal_Inundation_m": 0.06, "Road_km": 0.010000000001424333, "Fluvial_Flood_Loss": 0, "Coastal_Flood_Loss": 24, "Loss": 24 }, "geometry": { "type": "LineString", "coordinates": [ [ -171.7083873, -13.8655069 ], [ -171.708301659097344, -13.865541156366303 ] ] } },
{ "type": "Feature", "properties": { "UseType": "primary", "Asset": "Road", "Value": 6075, "Details": "Main East Coast Road", "Structure": null, "Wall_Material": null, "Condition": null, "Admin1_Region": "Tuamasaga", "Admin2_Region": "Vaimauga East", "WindGust_kmph": 139, "Fluvial_Inundation_m": 0.0, "Coastal_Inundation_m": 0.09, "Road_km": 0.0057977451213614382, "Fluvial_Flood_Loss": 0, "Coastal_Flood_Loss": 22, "Loss": 22 }, "geometry": { "type": "LineString", "coordinates": [ [ -171.696830345049307, -13.861464297025625 ], [ -171.6967768, -13.8614676 ] ] } },
{ "type": "Feature", "properties": { "UseType": "primary", "Asset": "Road", "Value": 10479, "Details": "Main East Coast Road", "Structure": null, "Wall_Material": null, "Condition": null, "Admin1_Region": "Tuamasaga", "Admin2_Region": "Vaimauga East", "WindGust_kmph": 139, "Fluvial_Inundation_m": 0.0, "Coastal_Inundation_m": 0.09, "Road_km": 0.0099999999994846676, "Fluvial_Flood_Loss": 0, "Coastal_Flood_Loss": 39, "Loss": 39 }, "geometry": { "type": "LineString", "coordinates": [ [ -171.6967768, -13.8614676 ], [ -171.696686597351032, -13.86148778774888 ] ] } },
{ "type": "Feature", "properties": { "UseType": "track", "Asset": "Road", "Value": 400, "Details": null, "Structure": null, "Wall_Material": null, "Condition": null, "Admin1_Region": "Atua", "Admin2_Region": "Anoamaa West", "WindGust_kmph": 118, "Fluvial_Inundation_m": 0.0, "Coastal_Inundation_m": 0.08, "Road_km": 0.0099999999985919252, "Fluvial_Flood_Loss": 0, "Coastal_Flood_Loss": 9, "Loss": 9 }, "geometry": { "type": "LineString", "coordinates": [ [ -171.637776104754977, -13.873831317029286 ], [ -171.637749101217651, -13.873744836073733 ] ] } },
{ "type": "Feature", "properties": { "UseType": "track", "Asset": "Road", "Value": 400, "Details": null, "Structure": null, "Wall_Material": null, "Condition": null, "Admin1_Region": "Atua", "Admin2_Region": "Anoamaa West", "WindGust_kmph": 125, "Fluvial_Inundation_m": 0.0, "Coastal_Inundation_m": 0.39, "Road_km": 0.0099999999978357453, "Fluvial_Flood_Loss": 0, "Coastal_Flood_Loss": 49, "Loss": 49 }, "geometry": { "type": "LineString", "coordinates": [ [ -171.637687348400306, -13.873574741288728 ], [ -171.637648918832639, -13.873492489730934 ] ] } },
{ "type": "Feature", "properties": { "UseType": "track", "Asset": "Road", "Value": 400, "Details": null, "Structure": null, "Wall_Material": null, "Condition": null, "Admin1_Region": "Atua", "Admin2_Region": "Anoamaa West", "WindGust_kmph": 138, "Fluvial_Inundation_m": 0.0, "Coastal_Inundation_m": 0.39, "Road_km": 0.010000000001247946, "Fluvial_Flood_Loss": 0, "Coastal_Flood_Loss": 49, "Loss": 49 }, "geometry": { "type": "LineString", "coordinates": [ [ -171.637648918832639, -13.873492489730934 ], [ -171.637610489293053, -13.873410238165391 ] ] } },
{ "type": "Feature", "properties": { "UseType": "footway", "Asset": "Road", "Value": 400, "Details": "Moata'a Mangrove Walkway", "Structure": null, "Wall_Material": null, "Condition": null, "Admin1_Region": "Tuamasaga", "Admin2_Region": "Vaimauga West", "WindGust_kmph": 87, "Fluvial_Inundation_m": 0.0, "Coastal_Inundation_m": 0.08, "Road_km": 0.0099999999995374657, "Fluvial_Flood_Loss": 0, "Coastal_Flood_Loss": 9, "Loss": 9 }, "geometry": { "type": "LineString", "coordinates": [ [ -171.746166399999936, -13.8400318 ], [ -171.746081451016664, -13.839995959458625 ] ] } },
{ "type": "Feature", "properties": { "UseType": "footway", "Asset": "Road", "Value": 400, "Details": "Moata'a Mangrove Walkway", "Structure": null, "Wall_Material": null, "Condition": null, "Admin1_Region": "Tuamasaga", "Admin2_Region": "Vaimauga West", "WindGust_kmph": 87, "Fluvial_Inundation_m": 0.0, "Coastal_Inundation_m": 0.09, "Road_km": 0.010000000002240866, "Fluvial_Flood_Loss": 0, "Coastal_Flood_Loss": 11, "Loss": 11 }, "geometry": { "type": "LineString", "coordinates": [ [ -171.746081451016664, -13.839995959458625 ], [ -171.7460678, -13.8399902 ], [ -171.745997374834303, -13.839958216025908 ] ] } },
{ "type": "Feature", "properties": { "UseType": "footway", "Asset": "Road", "Value": 400, "Details": "Moata'a Mangrove Walkway", "Structure": null, "Wall_Material": null, "Condition": null, "Admin1_Region": "Tuamasaga", "Admin2_Region": "Vaimauga West", "WindGust_kmph": 86, "Fluvial_Inundation_m": 0.0, "Coastal_Inundation_m": 0.09, "Road_km": 0.010000000000087219, "Fluvial_Flood_Loss": 0, "Coastal_Flood_Loss": 11, "Loss": 11 }, "geometry": { "type": "LineString", "coordinates": [ [ -171.745997374834303, -13.839958216025908 ], [ -171.745913465783502, -13.839920108232942 ] ] } },
{ "type": "Feature", "properties": { "UseType": "footway", "Asset": "Road", "Value": 400, "Details": "Moata'a Mangrove Walkway", "Structure": null, "Wall_Material": null, "Condition": null, "Admin1_Region": "Tuamasaga", "Admin2_Region": "Vaimauga West", "WindGust_kmph": 92, "Fluvial_Inundation_m": 0.0, "Coastal_Inundation_m": 0.05, "Road_km": 0.010000000001090602, "Fluvial_Flood_Loss": 0, "Coastal_Flood_Loss": 7, "Loss": 7 }, "geometry": { "type": "LineString", "coordinates": [ [ -171.745829888098882, -13.839881407543293 ], [ -171.74575171955928, -13.839833028297663 ] ] } },
{ "type": "Feature", "properties": { "UseType": "footway", "Asset": "Road", "Value": 400, "Details": "Moata'a Mangrove Walkway", "Structure": null, "Wall_Material": null, "Condition": null, "Admin1_Region": "Tuamasaga", "Admin2_Region": "Vaimauga West", "WindGust_kmph": 92, "Fluvial_Inundation_m": 0.0, "Coastal_Inundation_m": 0.11, "Road_km": 0.0099999999994220025, "Fluvial_Flood_Loss": 0, "Coastal_Flood_Loss": 13, "Loss": 13 }, "geometry": { "type": "LineString", "coordinates": [ [ -171.74575171955928, -13.839833028297663 ], [ -171.745673551051226, -13.83978464902528 ] ] } },
{ "type": "Feature", "properties": { "UseType": "footway", "Asset": "Road", "Value": 400, "Details": "Moata'a Mangrove Walkway", "Structure": null, "Wall_Material": null, "Condition": null, "Admin1_Region": "Tuamasaga", "Admin2_Region": "Vaimauga West", "WindGust_kmph": 102, "Fluvial_Inundation_m": 0.0, "Coastal_Inundation_m": 0.11, "Road_km": 0.010000000001012491, "Fluvial_Flood_Loss": 0, "Coastal_Flood_Loss": 13, "Loss": 13 }, "geometry": { "type": "LineString", "coordinates": [ [ -171.745673551051226, -13.83978464902528 ], [ -171.745595382574692, -13.839736269726131 ] ] } },
{ "type": "Feature", "properties": { "UseType": "footway", "Asset": "Road", "Value": 400, "Details": "Moata'a Mangrove Walkway", "Structure": null, "Wall_Material": null, "Condition": null, "Admin1_Region": "Tuamasaga", "Admin2_Region": "Vaimauga West", "WindGust_kmph": 102, "Fluvial_Inundation_m": 0.0, "Coastal_Inundation_m": 0.11, "Road_km": 0.0099999999983973811, "Fluvial_Flood_Loss": 0, "Coastal_Flood_Loss": 13, "Loss": 13 }, "geometry": { "type": "LineString", "coordinates": [ [ -171.745595382574692, -13.839736269726131 ], [ -171.745557299999973, -13.839712699999986 ], [ -171.745512973312884, -13.839696155542205 ] ] } },
{ "type": "Feature", "properties": { "UseType": "footway", "Asset": "Road", "Value": 400, "Details": "Moata'a Mangrove Walkway", "Structure": null, "Wall_Material": null, "Condition": null, "Admin1_Region": "Tuamasaga", "Admin2_Region": "Vaimauga West", "WindGust_kmph": 102, "Fluvial_Inundation_m": 0.0, "Coastal_Inundation_m": 0.1, "Road_km": 0.010000000001331347, "Fluvial_Flood_Loss": 0, "Coastal_Flood_Loss": 13, "Loss": 13 }, "geometry": { "type": "LineString", "coordinates": [ [ -171.745512973312884, -13.839696155542205 ], [ -171.745429499999972, -13.839665 ], [ -171.745426542822003, -13.839663874099433 ] ] } },
{ "type": "Feature", "properties": { "UseType": "footway", "Asset": "Road", "Value": 400, "Details": "Moata'a Mangrove Walkway", "Structure": null, "Wall_Material": null, "Condition": null, "Admin1_Region": "Tuamasaga", "Admin2_Region": "Vaimauga West", "WindGust_kmph": 109, "Fluvial_Inundation_m": 0.0, "Coastal_Inundation_m": 0.09, "Road_km": 0.010000000000656876, "Fluvial_Flood_Loss": 0, "Coastal_Flood_Loss": 12, "Loss": 12 }, "geometry": { "type": "LineString", "coordinates": [ [ -171.745426542822003, -13.839663874099433 ], [ -171.745340327091498, -13.839631048749705 ] ] } },
{ "type": "Feature", "properties": { "UseType": "footway", "Asset": "Road", "Value": 400, "Details": "Moata'a Mangrove Walkway", "Structure": null, "Wall_Material": null, "Condition": null, "Admin1_Region": "Tuamasaga", "Admin2_Region": "Vaimauga West", "WindGust_kmph": 109, "Fluvial_Inundation_m": 0.0, "Coastal_Inundation_m": 0.09, "Road_km": 0.0099999999986525867, "Fluvial_Flood_Loss": 0, "Coastal_Flood_Loss": 11, "Loss": 11 }, "geometry": { "type": "LineString", "coordinates": [ [ -171.745340327091498, -13.839631048749705 ], [ -171.745254111383844, -13.839598223368343 ] ] } },
{ "type": "Feature", "properties": { "UseType": "footway", "Asset": "Road", "Value": 400, "Details": "Moata'a Mangrove Walkway", "Structure": null, "Wall_Material": null, "Condition": null, "Admin1_Region": "Tuamasaga", "Admin2_Region": "Vaimauga West", "WindGust_kmph": 105, "Fluvial_Inundation_m": 0.0, "Coastal_Inundation_m": 0.08, "Road_km": 0.010000000001740273, "Fluvial_Flood_Loss": 0, "Coastal_Flood_Loss": 9, "Loss": 9 }, "geometry": { "type": "LineString", "coordinates": [ [ -171.745254111383844, -13.839598223368343 ], [ -171.745167895699012, -13.839565397955349 ] ] } },
{ "type": "Feature", "properties": { "UseType": "footway", "Asset": "Road", "Value": 400, "Details": "Moata'a Mangrove Walkway", "Structure": null, "Wall_Material": null, "Condition": null, "Admin1_Region": "Tuamasaga", "Admin2_Region": "Vaimauga West", "WindGust_kmph": 108, "Fluvial_Inundation_m": 0.0, "Coastal_Inundation_m": 0.06, "Road_km": 0.0099999999998443261, "Fluvial_Flood_Loss": 0, "Coastal_Flood_Loss": 7, "Loss": 7 }, "geometry": { "type": "LineString", "coordinates": [ [ -171.745167895699012, -13.839565397955349 ], [ -171.745081680037003, -13.839532572510716 ] ] } },
{ "type": "Feature", "properties": { "UseType": "footway", "Asset": "Road", "Value": 400, "Details": "Moata'a Mangrove Walkway", "Structure": null, "Wall_Material": null, "Condition": null, "Admin1_Region": "Tuamasaga", "Admin2_Region": "Vaimauga West", "WindGust_kmph": 108, "Fluvial_Inundation_m": 0.0, "Coastal_Inundation_m": 0.05, "Road_km": 0.010000000000386025, "Fluvial_Flood_Loss": 0, "Coastal_Flood_Loss": 6, "Loss": 6 }, "geometry": { "type": "LineString", "coordinates": [ [ -171.745081680037003, -13.839532572510716 ], [ -171.744995464397846, -13.839499747034456 ] ] } },
{ "type": "Feature", "properties": { "UseType": "footway", "Asset": "Road", "Value": 400, "Details": "Moata'a Mangrove Walkway", "Structure": null, "Wall_Material": null, "Condition": null, "Admin1_Region": "Tuamasaga", "Admin2_Region": "Vaimauga West", "WindGust_kmph": 108, "Fluvial_Inundation_m": 0.0, "Coastal_Inundation_m": 0.07, "Road_km": 0.0099999999984359076, "Fluvial_Flood_Loss": 0, "Coastal_Flood_Loss": 9, "Loss": 9 }, "geometry": { "type": "LineString", "coordinates": [ [ -171.744995464397846, -13.839499747034456 ], [ -171.744909248781511, -13.839466921526556 ] ] } },
{ "type": "Feature", "properties": { "UseType": "primary", "Asset": "Road", "Value": 10479, "Details": "Main East Coast Road", "Structure": null, "Wall_Material": null, "Condition": null, "Admin1_Region": "Tuamasaga", "Admin2_Region": "Vaimauga East", "WindGust_kmph": 151, "Fluvial_Inundation_m": 0.0, "Coastal_Inundation_m": 0.15, "Road_km": 0.0099999999999592828, "Fluvial_Flood_Loss": 0, "Coastal_Flood_Loss": 63, "Loss": 63 }, "geometry": { "type": "LineString", "coordinates": [ [ -171.733671759594955, -13.84194741314111 ], [ -171.733579319191279, -13.841943426247186 ] ] } },
{ "type": "Feature", "properties": { "UseType": "primary", "Asset": "Road", "Value": 10479, "Details": "Main East Coast Road", "Structure": null, "Wall_Material": null, "Condition": null, "Admin1_Region": "Tuamasaga", "Admin2_Region": "Vaimauga East", "WindGust_kmph": 151, "Fluvial_Inundation_m": 0.0, "Coastal_Inundation_m": 0.15, "Road_km": 0.010000000004727, "Fluvial_Flood_Loss": 0, "Coastal_Flood_Loss": 63, "Loss": 63 }, "geometry": { "type": "LineString", "coordinates": [ [ -171.733579319191279, -13.841943426247186 ], [ -171.733486878788909, -13.841939439318233 ] ] } },
{ "type": "Feature", "properties": { "UseType": "primary", "Asset": "Road", "Value": 10479, "Details": "Main East Coast Road", "Structure": null, "Wall_Material": null, "Condition": null, "Admin1_Region": "Tuamasaga", "Admin2_Region": "Vaimauga East", "WindGust_kmph": 99, "Fluvial_Inundation_m": 0.0, "Coastal_Inundation_m": 0.09, "Road_km": 0.0099999999992446947, "Fluvial_Flood_Loss": 0, "Coastal_Flood_Loss": 36, "Loss": 36 }, "geometry": { "type": "LineString", "coordinates": [ [ -171.741276319336691, -13.84160373859361 ], [ -171.741197738640551, -13.841651477163454 ] ] } },
{ "type": "Feature", "properties": { "UseType": "primary", "Asset": "Road", "Value": 4966, "Details": "Main East Coast Road", "Structure": null, "Wall_Material": null, "Condition": null, "Admin1_Region": "Tuamasaga", "Admin2_Region": "Vaimauga East", "WindGust_kmph": 99, "Fluvial_Inundation_m": 0.0, "Coastal_Inundation_m": 0.05, "Road_km": 0.0047389029295191246, "Fluvial_Flood_Loss": 0, "Coastal_Flood_Loss": 10, "Loss": 10 }, "geometry": { "type": "LineString", "coordinates": [ [ -171.741197738640551, -13.841651477163454 ], [ -171.74116049999995, -13.8416741 ] ] } },
{ "type": "Feature", "properties": { "UseType": "footway", "Asset": "Road", "Value": 400, "Details": null, "Structure": null, "Wall_Material": null, "Condition": null, "Admin1_Region": "Tuamasaga", "Admin2_Region": "Sagaga le Falefa", "WindGust_kmph": 134, "Fluvial_Inundation_m": 0.0, "Coastal_Inundation_m": 0.22, "Road_km": 0.010000000000883243, "Fluvial_Flood_Loss": 0, "Coastal_Flood_Loss": 27, "Loss": 27 }, "geometry": { "type": "LineString", "coordinates": [ [ -171.905598499999883, -13.8000471 ], [ -171.90550602293726, -13.800049515936541 ] ] } },
{ "type": "Feature", "properties": { "UseType": "footway", "Asset": "Road", "Value": 400, "Details": null, "Structure": null, "Wall_Material": null, "Condition": null, "Admin1_Region": "Tuamasaga", "Admin2_Region": "Sagaga le Falefa", "WindGust_kmph": 134, "Fluvial_Inundation_m": 0.0, "Coastal_Inundation_m": 0.22, "Road_km": 0.0099999999988465132, "Fluvial_Flood_Loss": 0, "Coastal_Flood_Loss": 27, "Loss": 27 }, "geometry": { "type": "LineString", "coordinates": [ [ -171.90550602293726, -13.800049515936541 ], [ -171.905413545870516, -13.800051931838404 ] ] } },
{ "type": "Feature", "properties": { "UseType": "footway", "Asset": "Road", "Value": 400, "Details": null, "Structure": null, "Wall_Material": null, "Condition": null, "Admin1_Region": "Tuamasaga", "Admin2_Region": "Sagaga le Falefa", "WindGust_kmph": 134, "Fluvial_Inundation_m": 0.0, "Coastal_Inundation_m": 0.22, "Road_km": 0.010000000002221668, "Fluvial_Flood_Loss": 0, "Coastal_Flood_Loss": 27, "Loss": 27 }, "geometry": { "type": "LineString", "coordinates": [ [ -171.905413545870516, -13.800051931838404 ], [ -171.905321068799594, -13.800054347705576 ] ] } },
{ "type": "Feature", "properties": { "UseType": "footway", "Asset": "Road", "Value": 400, "Details": null, "Structure": null, "Wall_Material": null, "Condition": null, "Admin1_Region": "Tuamasaga", "Admin2_Region": "Sagaga le Falefa", "WindGust_kmph": 134, "Fluvial_Inundation_m": 0.0, "Coastal_Inundation_m": 0.22, "Road_km": 0.009999999997550843, "Fluvial_Flood_Loss": 0, "Coastal_Flood_Loss": 27, "Loss": 27 }, "geometry": { "type": "LineString", "coordinates": [ [ -171.905321068799594, -13.800054347705576 ], [ -171.90522859172458, -13.800056763538079 ] ] } },
{ "type": "Feature", "properties": { "UseType": "footway", "Asset": "Road", "Value": 400, "Details": null, "Structure": null, "Wall_Material": null, "Condition": null, "Admin1_Region": "Tuamasaga", "Admin2_Region": "Sagaga le Falefa", "WindGust_kmph": 134, "Fluvial_Inundation_m": 0.0, "Coastal_Inundation_m": 0.22, "Road_km": 0.0099999999991790146, "Fluvial_Flood_Loss": 0, "Coastal_Flood_Loss": 27, "Loss": 27 }, "geometry": { "type": "LineString", "coordinates": [ [ -171.905110999999891, -13.8000595 ], [ -171.905018671823427, -13.80006516746025 ] ] } },
{ "type": "Feature", "properties": { "UseType": "footway", "Asset": "Road", "Value": 400, "Details": null, "Structure": null, "Wall_Material": null, "Condition": null, "Admin1_Region": "Tuamasaga", "Admin2_Region": "Sagaga le Falefa", "WindGust_kmph": 134, "Fluvial_Inundation_m": 0.0, "Coastal_Inundation_m": 0.22, "Road_km": 0.010000000000231392, "Fluvial_Flood_Loss": 0, "Coastal_Flood_Loss": 27, "Loss": 27 }, "geometry": { "type": "LineString", "coordinates": [ [ -171.905018671823427, -13.80006516746025 ], [ -171.904926343640284, -13.800070834886055 ] ] } },
{ "type": "Feature", "properties": { "UseType": "footway", "Asset": "Road", "Value": 400, "Details": null, "Structure": null, "Wall_Material": null, "Condition": null, "Admin1_Region": "Tuamasaga", "Admin2_Region": "Sagaga le Falefa", "WindGust_kmph": 134, "Fluvial_Inundation_m": 0.0, "Coastal_Inundation_m": 0.22, "Road_km": 0.010000000001503275, "Fluvial_Flood_Loss": 0, "Coastal_Flood_Loss": 27, "Loss": 27 }, "geometry": { "type": "LineString", "coordinates": [ [ -171.904926343640284, -13.800070834886055 ], [ -171.904834015450433, -13.800076502277459 ] ] } },
{ "type": "Feature", "properties": { "UseType": "footway", "Asset": "Road", "Value": 400, "Details": null, "Structure": null, "Wall_Material": null, "Condition": null, "Admin1_Region": "Tuamasaga", "Admin2_Region": "Sagaga le Falefa", "WindGust_kmph": 134, "Fluvial_Inundation_m": 0.0, "Coastal_Inundation_m": 0.22, "Road_km": 0.0099999999999408583, "Fluvial_Flood_Loss": 0, "Coastal_Flood_Loss": 28, "Loss": 28 }, "geometry": { "type": "LineString", "coordinates": [ [ -171.904834015450433, -13.800076502277459 ], [ -171.904741687253932, -13.800082169634424 ] ] } },
{ "type": "Feature", "properties": { "UseType": "footway", "Asset": "Road", "Value": 400, "Details": null, "Structure": null, "Wall_Material": null, "Condition": null, "Admin1_Region": "Tuamasaga", "Admin2_Region": "Sagaga le Falefa", "WindGust_kmph": 134, "Fluvial_Inundation_m": 0.0, "Coastal_Inundation_m": 0.22, "Road_km": 0.0099999999985979499, "Fluvial_Flood_Loss": 0, "Coastal_Flood_Loss": 28, "Loss": 28 }, "geometry": { "type": "LineString", "coordinates": [ [ -171.904741687253932, -13.800082169634424 ], [ -171.904649359050751, -13.800087836956985 ] ] } },
{ "type": "Feature", "properties": { "UseType": "footway", "Asset": "Road", "Value": 400, "Details": null, "Structure": null, "Wall_Material": null, "Condition": null, "Admin1_Region": "Tuamasaga", "Admin2_Region": "Sagaga le Falefa", "WindGust_kmph": 134, "Fluvial_Inundation_m": 0.0, "Coastal_Inundation_m": 0.22, "Road_km": 0.0099925094400849443, "Fluvial_Flood_Loss": 0, "Coastal_Flood_Loss": 28, "Loss": 28 }, "geometry": { "type": "LineString", "coordinates": [ [ -171.904649359050751, -13.800087836956985 ], [ -171.904557099999892, -13.80009350000001 ] ] } },
{ "type": "Feature", "properties": { "UseType": "footway", "Asset": "Road", "Value": 387, "Details": null, "Structure": null, "Wall_Material": null, "Condition": null, "Admin1_Region": "Tuamasaga", "Admin2_Region": "Sagaga le Falefa", "WindGust_kmph": 134, "Fluvial_Inundation_m": 0.0, "Coastal_Inundation_m": 0.22, "Road_km": 0.0096663401004710662, "Fluvial_Flood_Loss": 0, "Coastal_Flood_Loss": 27, "Loss": 27 }, "geometry": { "type": "LineString", "coordinates": [ [ -171.905200399999899, -13.8000575 ], [ -171.905110999999891, -13.8000595 ] ] } },
{ "type": "Feature", "properties": { "UseType": "footway", "Asset": "Road", "Value": 400, "Details": null, "Structure": null, "Wall_Material": null, "Condition": null, "Admin1_Region": "Tuamasaga", "Admin2_Region": "Sagaga le Falefa", "WindGust_kmph": 134, "Fluvial_Inundation_m": 0.0, "Coastal_Inundation_m": 0.22, "Road_km": 0.010000000000994359, "Fluvial_Flood_Loss": 0, "Coastal_Flood_Loss": 27, "Loss": 27 }, "geometry": { "type": "LineString", "coordinates": [ [ -171.90570659999986, -13.8000471 ], [ -171.905614089905839, -13.800047100002923 ] ] } },
{ "type": "Feature", "properties": { "UseType": "footway", "Asset": "Road", "Value": 67, "Details": null, "Structure": null, "Wall_Material": null, "Condition": null, "Admin1_Region": "Tuamasaga", "Admin2_Region": "Sagaga le Falefa", "WindGust_kmph": 134, "Fluvial_Inundation_m": 0.0, "Coastal_Inundation_m": 0.22, "Road_km": 0.0016852113168797896, "Fluvial_Flood_Loss": 0, "Coastal_Flood_Loss": 4, "Loss": 4 }, "geometry": { "type": "LineString", "coordinates": [ [ -171.905614089905839, -13.800047100002923 ], [ -171.905598499999883, -13.8000471 ] ] } },
{ "type": "Feature", "properties": { "UseType": "service", "Asset": "Road", "Value": 400, "Details": null, "Structure": null, "Wall_Material": null, "Condition": null, "Admin1_Region": "Tuamasaga", "Admin2_Region": "Sagaga le Falefa", "WindGust_kmph": 126, "Fluvial_Inundation_m": 0.0, "Coastal_Inundation_m": 0.45, "Road_km": 0.0099999999993509048, "Fluvial_Flood_Loss": 0, "Coastal_Flood_Loss": 58, "Loss": 58 }, "geometry": { "type": "LineString", "coordinates": [ [ -171.902085089741121, -13.799044283887667 ], [ -171.902103499999896, -13.799004699999985 ], [ -171.902120991628379, -13.798960994656234 ] ] } },
{ "type": "Feature", "properties": { "UseType": "service", "Asset": "Road", "Value": 400, "Details": null, "Structure": null, "Wall_Material": null, "Condition": null, "Admin1_Region": "Tuamasaga", "Admin2_Region": "Sagaga le Falefa", "WindGust_kmph": 126, "Fluvial_Inundation_m": 0.0, "Coastal_Inundation_m": 0.6, "Road_km": 0.010000000000141385, "Fluvial_Flood_Loss": 0, "Coastal_Flood_Loss": 69, "Loss": 69 }, "geometry": { "type": "LineString", "coordinates": [ [ -171.902120991628379, -13.798960994656234 ], [ -171.902154689581181, -13.798876795439986 ] ] } },
{ "type": "Feature", "properties": { "UseType": "service", "Asset": "Road", "Value": 400, "Details": null, "Structure": null, "Wall_Material": null, "Condition": null, "Admin1_Region": "Tuamasaga", "Admin2_Region": "Sagaga le Falefa", "WindGust_kmph": 126, "Fluvial_Inundation_m": 0.0, "Coastal_Inundation_m": 0.57, "Road_km": 0.01000000000129841, "Fluvial_Flood_Loss": 0, "Coastal_Flood_Loss": 67, "Loss": 67 }, "geometry": { "type": "LineString", "coordinates": [ [ -171.902154689581181, -13.798876795439986 ], [ -171.902177299999948, -13.7988203 ], [ -171.902171291162801, -13.798791137849157 ] ] } },
{ "type": "Feature", "properties": { "UseType": "service", "Asset": "Road", "Value": 400, "Details": null, "Structure": null, "Wall_Material": null, "Condition": null, "Admin1_Region": "Tuamasaga", "Admin2_Region": "Sagaga le Falefa", "WindGust_kmph": 129, "Fluvial_Inundation_m": 0.0, "Coastal_Inundation_m": 0.6, "Road_km": 0.010000000001392778, "Fluvial_Flood_Loss": 0, "Coastal_Flood_Loss": 69, "Loss": 69 }, "geometry": { "type": "LineString", "coordinates": [ [ -171.902171291162801, -13.798791137849157 ], [ -171.902166399999885, -13.7987674 ], [ -171.902127348949847, -13.79871331305306 ] ] } },
{ "type": "Feature", "properties": { "UseType": "service", "Asset": "Road", "Value": 400, "Details": null, "Structure": null, "Wall_Material": null, "Condition": null, "Admin1_Region": "Tuamasaga", "Admin2_Region": "Sagaga le Falefa", "WindGust_kmph": 129, "Fluvial_Inundation_m": 0.0, "Coastal_Inundation_m": 0.6, "Road_km": 0.0099999999995496504, "Fluvial_Flood_Loss": 0, "Coastal_Flood_Loss": 69, "Loss": 69 }, "geometry": { "type": "LineString", "coordinates": [ [ -171.902127348949847, -13.79871331305306 ], [ -171.902074013227434, -13.798639441326968 ] ] } },
{ "type": "Feature", "properties": { "UseType": "service", "Asset": "Road", "Value": 400, "Details": null, "Structure": null, "Wall_Material": null, "Condition": null, "Admin1_Region": "Tuamasaga", "Admin2_Region": "Sagaga le Falefa", "WindGust_kmph": 120, "Fluvial_Inundation_m": 0.0, "Coastal_Inundation_m": 0.18, "Road_km": 0.0099999999990970419, "Fluvial_Flood_Loss": 0, "Coastal_Flood_Loss": 23, "Loss": 23 }, "geometry": { "type": "LineString", "coordinates": [ [ -171.893106901230141, -13.802981110396205 ], [ -171.893132399999899, -13.8029425 ], [ -171.893140232743406, -13.80289870687033 ] ] } },
{ "type": "Feature", "properties": { "UseType": "service", "Asset": "Road", "Value": 400, "Details": null, "Structure": null, "Wall_Material": null, "Condition": null, "Admin1_Region": "Tuamasaga", "Admin2_Region": "Sagaga le Falefa", "WindGust_kmph": 125, "Fluvial_Inundation_m": 0.0, "Coastal_Inundation_m": 0.42, "Road_km": 0.0099999999990470004, "Fluvial_Flood_Loss": 0, "Coastal_Flood_Loss": 53, "Loss": 53 }, "geometry": { "type": "LineString", "coordinates": [ [ -171.893140232743406, -13.80289870687033 ], [ -171.893156161931756, -13.802809646205425 ] ] } },
{ "type": "Feature", "properties": { "UseType": "service", "Asset": "Road", "Value": 400, "Details": null, "Structure": null, "Wall_Material": null, "Condition": null, "Admin1_Region": "Tuamasaga", "Admin2_Region": "Sagaga le Falefa", "WindGust_kmph": 125, "Fluvial_Inundation_m": 0.0, "Coastal_Inundation_m": 0.42, "Road_km": 0.010000000001707676, "Fluvial_Flood_Loss": 0, "Coastal_Flood_Loss": 53, "Loss": 53 }, "geometry": { "type": "LineString", "coordinates": [ [ -171.893156161931756, -13.802809646205425 ], [ -171.893168099999912, -13.802742899999988 ], [ -171.893165845460118, -13.802720354618309 ] ] } },
{ "type": "Feature", "properties": { "UseType": "service", "Asset": "Road", "Value": 400, "Details": null, "Structure": null, "Wall_Material": null, "Condition": null, "Admin1_Region": "Tuamasaga", "Admin2_Region": "Sagaga le Falefa", "WindGust_kmph": 125, "Fluvial_Inundation_m": 0.0, "Coastal_Inundation_m": 0.42, "Road_km": 0.010000000000478671, "Fluvial_Flood_Loss": 0, "Coastal_Flood_Loss": 54, "Loss": 54 }, "geometry": { "type": "LineString", "coordinates": [ [ -171.893165845460118, -13.802720354618309 ], [ -171.89315684722834, -13.802630372306654 ] ] } },
{ "type": "Feature", "properties": { "UseType": "service", "Asset": "Road", "Value": 400, "Details": null, "Structure": null, "Wall_Material": null, "Condition": null, "Admin1_Region": "Tuamasaga", "Admin2_Region": "Sagaga le Falefa", "WindGust_kmph": 134, "Fluvial_Inundation_m": 0.0, "Coastal_Inundation_m": 0.42, "Road_km": 0.0099999999993285911, "Fluvial_Flood_Loss": 0, "Coastal_Flood_Loss": 54, "Loss": 54 }, "geometry": { "type": "LineString", "coordinates": [ [ -171.89315684722834, -13.802630372306654 ], [ -171.893153399999875, -13.8025959 ], [ -171.893142597640519, -13.802541133781878 ] ] } },
{ "type": "Feature", "properties": { "UseType": "service", "Asset": "Road", "Value": 400, "Details": null, "Structure": null, "Wall_Material": null, "Condition": null, "Admin1_Region": "Tuamasaga", "Admin2_Region": "Sagaga le Falefa", "WindGust_kmph": 134, "Fluvial_Inundation_m": 0.0, "Coastal_Inundation_m": 0.42, "Road_km": 0.0099999999990931353, "Fluvial_Flood_Loss": 0, "Coastal_Flood_Loss": 54, "Loss": 54 }, "geometry": { "type": "LineString", "coordinates": [ [ -171.893142597640519, -13.802541133781878 ], [ -171.893125086912988, -13.802452357155124 ] ] } },
{ "type": "Feature", "properties": { "UseType": "service", "Asset": "Road", "Value": 259, "Details": null, "Structure": null, "Wall_Material": null, "Condition": null, "Admin1_Region": "Tuamasaga", "Admin2_Region": "Vaimauga West", "WindGust_kmph": 97, "Fluvial_Inundation_m": 0.0, "Coastal_Inundation_m": 0.11, "Road_km": 0.0064805160978284055, "Fluvial_Flood_Loss": 0, "Coastal_Flood_Loss": 8, "Loss": 8 }, "geometry": { "type": "LineString", "coordinates": [ [ -171.744315604839898, -13.836406454293341 ], [ -171.744373499999966, -13.836391200000012 ] ] } },
{ "type": "Feature", "properties": { "UseType": "service", "Asset": "Road", "Value": 400, "Details": null, "Structure": null, "Wall_Material": null, "Condition": null, "Admin1_Region": "Tuamasaga", "Admin2_Region": "Vaimauga West", "WindGust_kmph": 133, "Fluvial_Inundation_m": 0.0, "Coastal_Inundation_m": 0.18, "Road_km": 0.0099999999983249686, "Fluvial_Flood_Loss": 0, "Coastal_Flood_Loss": 23, "Loss": 23 }, "geometry": { "type": "LineString", "coordinates": [ [ -171.781051414920796, -13.81686634175054 ], [ -171.78100349999994, -13.8169029 ], [ -171.780987334214416, -13.816929581851642 ] ] } },
{ "type": "Feature", "properties": { "UseType": "service", "Asset": "Road", "Value": 400, "Details": null, "Structure": null, "Wall_Material": null, "Condition": null, "Admin1_Region": "Tuamasaga", "Admin2_Region": "Vaimauga West", "WindGust_kmph": 124, "Fluvial_Inundation_m": 0.0, "Coastal_Inundation_m": 0.18, "Road_km": 0.009999999999741464, "Fluvial_Flood_Loss": 0, "Coastal_Flood_Loss": 23, "Loss": 23 }, "geometry": { "type": "LineString", "coordinates": [ [ -171.780987334214416, -13.816929581851642 ], [ -171.780940197748663, -13.817007381198593 ] ] } },
{ "type": "Feature", "properties": { "UseType": "service", "Asset": "Road", "Value": 400, "Details": null, "Structure": null, "Wall_Material": null, "Condition": null, "Admin1_Region": "Tuamasaga", "Admin2_Region": "Vaimauga West", "WindGust_kmph": 124, "Fluvial_Inundation_m": 0.0, "Coastal_Inundation_m": 0.13, "Road_km": 0.010000000002621707, "Fluvial_Flood_Loss": 0, "Coastal_Flood_Loss": 16, "Loss": 16 }, "geometry": { "type": "LineString", "coordinates": [ [ -171.780940197748663, -13.817007381198593 ], [ -171.780896199999972, -13.81708 ], [ -171.780893470444227, -13.817085397327432 ] ] } },
{ "type": "Feature", "properties": { "UseType": "footway", "Asset": "Road", "Value": 400, "Details": null, "Structure": null, "Wall_Material": null, "Condition": null, "Admin1_Region": "Tuamasaga", "Admin2_Region": "Vaimauga West", "WindGust_kmph": 133, "Fluvial_Inundation_m": 0.0, "Coastal_Inundation_m": 0.13, "Road_km": 0.010000000001124507, "Fluvial_Flood_Loss": 0, "Coastal_Flood_Loss": 16, "Loss": 16 }, "geometry": { "type": "LineString", "coordinates": [ [ -171.745414648159482, -13.829043915072633 ], [ -171.745412199999947, -13.829046500000011 ], [ -171.745368598496043, -13.829122228965728 ] ] } },
{ "type": "Feature", "properties": { "UseType": "footway", "Asset": "Road", "Value": 400, "Details": null, "Structure": null, "Wall_Material": null, "Condition": null, "Admin1_Region": "Aiga-i-le-Tai", "Admin2_Region": "Aiga i le Tai", "WindGust_kmph": 103, "Fluvial_Inundation_m": 0.0, "Coastal_Inundation_m": 0.46, "Road_km": 0.010000000000862715, "Fluvial_Flood_Loss": 0, "Coastal_Flood_Loss": 58, "Loss": 58 }, "geometry": { "type": "LineString", "coordinates": [ [ -172.106568181716881, -13.859974338990824 ], [ -172.106516763468221, -13.859899177967922 ] ] } },
{ "type": "Feature", "properties": { "UseType": "footway", "Asset": "Road", "Value": 400, "Details": null, "Structure": null, "Wall_Material": null, "Condition": null, "Admin1_Region": "Tuamasaga", "Admin2_Region": "Vaimauga West", "WindGust_kmph": 148, "Fluvial_Inundation_m": 0.0, "Coastal_Inundation_m": 0.12, "Road_km": 0.010000000001483827, "Fluvial_Flood_Loss": 0, "Coastal_Flood_Loss": 15, "Loss": 15 }, "geometry": { "type": "LineString", "coordinates": [ [ -171.747825015059647, -13.828688119664895 ], [ -171.747865599999983, -13.82874830000001 ], [ -171.747870952170416, -13.828765879492099 ] ] } },
{ "type": "Feature", "properties": { "UseType": "pedestrian", "Asset": "Road", "Value": 400, "Details": "Sea Wall", "Structure": null, "Wall_Material": null, "Condition": null, "Admin1_Region": "Tuamasaga", "Admin2_Region": "Vaimauga West", "WindGust_kmph": 96, "Fluvial_Inundation_m": 0.0, "Coastal_Inundation_m": 0.34, "Road_km": 0.010000000000782154, "Fluvial_Flood_Loss": 0, "Coastal_Flood_Loss": 43, "Loss": 43 }, "geometry": { "type": "LineString", "coordinates": [ [ -171.772148374439638, -13.826757417687226 ], [ -171.772192417443449, -13.826677904927523 ] ] } },
{ "type": "Feature", "properties": { "UseType": "pedestrian", "Asset": "Road", "Value": 400, "Details": "Sea Wall", "Structure": null, "Wall_Material": null, "Condition": null, "Admin1_Region": "Tuamasaga", "Admin2_Region": "Vaimauga West", "WindGust_kmph": 93, "Fluvial_Inundation_m": 0.0, "Coastal_Inundation_m": 0.34, "Road_km": 0.010000000002434539, "Fluvial_Flood_Loss": 0, "Coastal_Flood_Loss": 43, "Loss": 43 }, "geometry": { "type": "LineString", "coordinates": [ [ -171.772553962515161, -13.826046776449122 ], [ -171.77259948192048, -13.825968061782318 ] ] } },
{ "type": "Feature", "properties": { "UseType": "pedestrian", "Asset": "Road", "Value": 400, "Details": "Sea Wall", "Structure": null, "Wall_Material": null, "Condition": null, "Admin1_Region": "Tuamasaga", "Admin2_Region": "Vaimauga West", "WindGust_kmph": 96, "Fluvial_Inundation_m": 0.0, "Coastal_Inundation_m": 0.34, "Road_km": 0.0099999999988182996, "Fluvial_Flood_Loss": 0, "Coastal_Flood_Loss": 43, "Loss": 43 }, "geometry": { "type": "LineString", "coordinates": [ [ -171.77259948192048, -13.825968061782318 ], [ -171.772637799999956, -13.82590180000002 ], [ -171.772644603590891, -13.825889135355901 ] ] } },
{ "type": "Feature", "properties": { "UseType": "service", "Asset": "Road", "Value": 400, "Details": null, "Structure": null, "Wall_Material": null, "Condition": null, "Admin1_Region": "Tuamasaga", "Admin2_Region": "Vaimauga West", "WindGust_kmph": 139, "Fluvial_Inundation_m": 0.0, "Coastal_Inundation_m": 0.18, "Road_km": 0.0099999999995223129, "Fluvial_Flood_Loss": 0, "Coastal_Flood_Loss": 22, "Loss": 22 }, "geometry": { "type": "LineString", "coordinates": [ [ -171.777220398957752, -13.83021770824393 ], [ -171.777253450938417, -13.830302156043684 ] ] } },
{ "type": "Feature", "properties": { "UseType": "service", "Asset": "Road", "Value": 400, "Details": null, "Structure": null, "Wall_Material": null, "Condition": null, "Admin1_Region": "Tuamasaga", "Admin2_Region": "Vaimauga West", "WindGust_kmph": 139, "Fluvial_Inundation_m": 0.0, "Coastal_Inundation_m": 0.18, "Road_km": 0.0099999999993367634, "Fluvial_Flood_Loss": 0, "Coastal_Flood_Loss": 22, "Loss": 22 }, "geometry": { "type": "LineString", "coordinates": [ [ -171.777253450938417, -13.830302156043684 ], [ -171.777286502944321, -13.830386603837159 ] ] } },
{ "type": "Feature", "properties": { "UseType": "unclassified", "Asset": "Road", "Value": 400, "Details": null, "Structure": null, "Wall_Material": null, "Condition": null, "Admin1_Region": "Tuamasaga", "Admin2_Region": "Safata", "WindGust_kmph": 101, "Fluvial_Inundation_m": 0.0, "Coastal_Inundation_m": 0.07, "Road_km": 0.010000000001325806, "Fluvial_Flood_Loss": 0, "Coastal_Flood_Loss": 9, "Loss": 9 }, "geometry": { "type": "LineString", "coordinates": [ [ -171.876590142915887, -13.991943470265282 ], [ -171.876616129784651, -13.991856694487893 ] ] } },
{ "type": "Feature", "properties": { "UseType": "path", "Asset": "Road", "Value": 400, "Details": null, "Structure": null, "Wall_Material": null, "Condition": null, "Admin1_Region": "Atua", "Admin2_Region": "Falealili", "WindGust_kmph": 111, "Fluvial_Inundation_m": 0.0, "Coastal_Inundation_m": 0.07, "Road_km": 0.0099999999958763804, "Fluvial_Flood_Loss": 0, "Coastal_Flood_Loss": 9, "Loss": 9 }, "geometry": { "type": "LineString", "coordinates": [ [ -171.643154056371145, -14.040296133992799 ], [ -171.643116299999974, -14.0402923 ], [ -171.643061827507239, -14.040296609753048 ] ] } },
{ "type": "Feature", "properties": { "UseType": "path", "Asset": "Road", "Value": 400, "Details": null, "Structure": null, "Wall_Material": null, "Condition": null, "Admin1_Region": "Atua", "Admin2_Region": "Falealili", "WindGust_kmph": 111, "Fluvial_Inundation_m": 0.0, "Coastal_Inundation_m": 0.11, "Road_km": 0.010000000003333884, "Fluvial_Flood_Loss": 0, "Coastal_Flood_Loss": 14, "Loss": 14 }, "geometry": { "type": "LineString", "coordinates": [ [ -171.643061827507239, -14.040296609753048 ], [ -171.642969518990753, -14.040303912987225 ] ] } },
{ "type": "Feature", "properties": { "UseType": "path", "Asset": "Road", "Value": 400, "Details": null, "Structure": null, "Wall_Material": null, "Condition": null, "Admin1_Region": "Atua", "Admin2_Region": "Falealili", "WindGust_kmph": 111, "Fluvial_Inundation_m": 0.0, "Coastal_Inundation_m": 0.24, "Road_km": 0.0099999999990976907, "Fluvial_Flood_Loss": 0, "Coastal_Flood_Loss": 30, "Loss": 30 }, "geometry": { "type": "LineString", "coordinates": [ [ -171.642969518990753, -14.040303912987225 ], [ -171.64287721046685, -14.040311216186421 ] ] } },
{ "type": "Feature", "properties": { "UseType": "path", "Asset": "Road", "Value": 400, "Details": null, "Structure": null, "Wall_Material": null, "Condition": null, "Admin1_Region": "Atua", "Admin2_Region": "Falealili", "WindGust_kmph": 111, "Fluvial_Inundation_m": 0.0, "Coastal_Inundation_m": 0.3, "Road_km": 0.010000000002050402, "Fluvial_Flood_Loss": 0, "Coastal_Flood_Loss": 38, "Loss": 38 }, "geometry": { "type": "LineString", "coordinates": [ [ -171.64287721046685, -14.040311216186421 ], [ -171.642853399999979, -14.0403131 ], [ -171.642785829382291, -14.04030086687351 ] ] } },
{ "type": "Feature", "properties": { "UseType": "path", "Asset": "Road", "Value": 400, "Details": null, "Structure": null, "Wall_Material": null, "Condition": null, "Admin1_Region": "Atua", "Admin2_Region": "Falealili", "WindGust_kmph": 111, "Fluvial_Inundation_m": 0.0, "Coastal_Inundation_m": 0.08, "Road_km": 0.0099999999972642823, "Fluvial_Flood_Loss": 0, "Coastal_Flood_Loss": 10, "Loss": 10 }, "geometry": { "type": "LineString", "coordinates": [ [ -171.642785829382291, -14.04030086687351 ], [ -171.642694770694646, -14.040284381385341 ] ] } },
{ "type": "Feature", "properties": { "UseType": "path", "Asset": "Road", "Value": 400, "Details": null, "Structure": null, "Wall_Material": null, "Condition": null, "Admin1_Region": "Atua", "Admin2_Region": "Falealili", "WindGust_kmph": 111, "Fluvial_Inundation_m": 0.0, "Coastal_Inundation_m": 0.21, "Road_km": 0.010000000001268479, "Fluvial_Flood_Loss": 0, "Coastal_Flood_Loss": 26, "Loss": 26 }, "geometry": { "type": "LineString", "coordinates": [ [ -171.642694770694646, -14.040284381385341 ], [ -171.642603712018541, -14.040267895862311 ] ] } },
{ "type": "Feature", "properties": { "UseType": "path", "Asset": "Road", "Value": 400, "Details": null, "Structure": null, "Wall_Material": null, "Condition": null, "Admin1_Region": "Atua", "Admin2_Region": "Falealili", "WindGust_kmph": 111, "Fluvial_Inundation_m": 0.0, "Coastal_Inundation_m": 0.27, "Road_km": 0.010000000001514093, "Fluvial_Flood_Loss": 0, "Coastal_Flood_Loss": 34, "Loss": 34 }, "geometry": { "type": "LineString", "coordinates": [ [ -171.642603712018541, -14.040267895862311 ], [ -171.642536899999982, -14.040255799999986 ], [ -171.642512713028538, -14.040260492996023 ] ] } },
{ "type": "Feature", "properties": { "UseType": "path", "Asset": "Road", "Value": 400, "Details": null, "Structure": null, "Wall_Material": null, "Condition": null, "Admin1_Region": "Atua", "Admin2_Region": "Falealili", "WindGust_kmph": 111, "Fluvial_Inundation_m": 0.0, "Coastal_Inundation_m": 0.34, "Road_km": 0.0099999999971945395, "Fluvial_Flood_Loss": 0, "Coastal_Flood_Loss": 43, "Loss": 43 }, "geometry": { "type": "LineString", "coordinates": [ [ -171.642512713028538, -14.040260492996023 ], [ -171.642483299999981, -14.0402662 ], [ -171.642421297490841, -14.040257616069928 ] ] } },
{ "type": "Feature", "properties": { "UseType": "path", "Asset": "Road", "Value": 400, "Details": null, "Structure": null, "Wall_Material": null, "Condition": null, "Admin1_Region": "Atua", "Admin2_Region": "Falealili", "WindGust_kmph": 111, "Fluvial_Inundation_m": 0.0, "Coastal_Inundation_m": 0.45, "Road_km": 0.010000000000872471, "Fluvial_Flood_Loss": 0, "Coastal_Flood_Loss": 57, "Loss": 57 }, "geometry": { "type": "LineString", "coordinates": [ [ -171.642421297490841, -14.040257616069928 ], [ -171.642329603744628, -14.040244921509538 ] ] } },
{ "type": "Feature", "properties": { "UseType": "path", "Asset": "Road", "Value": 400, "Details": null, "Structure": null, "Wall_Material": null, "Condition": null, "Admin1_Region": "Atua", "Admin2_Region": "Falealili", "WindGust_kmph": 111, "Fluvial_Inundation_m": 0.0, "Coastal_Inundation_m": 0.64, "Road_km": 0.01000000000202649, "Fluvial_Flood_Loss": 0, "Coastal_Flood_Loss": 71, "Loss": 71 }, "geometry": { "type": "LineString", "coordinates": [ [ -171.642329603744628, -14.040244921509538 ], [ -171.64229549999996, -14.0402402 ], [ -171.642237352665688, -14.040238754673377 ] ] } },
{ "type": "Feature", "properties": { "UseType": "path", "Asset": "Road", "Value": 400, "Details": null, "Structure": null, "Wall_Material": null, "Condition": null, "Admin1_Region": "Atua", "Admin2_Region": "Falealili", "WindGust_kmph": 111, "Fluvial_Inundation_m": 0.0, "Coastal_Inundation_m": 0.22, "Road_km": 0.0099999999985267776, "Fluvial_Flood_Loss": 0, "Coastal_Flood_Loss": 27, "Loss": 27 }, "geometry": { "type": "LineString", "coordinates": [ [ -171.642237352665688, -14.040238754673377 ], [ -171.64214477154124, -14.04023645342178 ] ] } },
{ "type": "Feature", "properties": { "UseType": "path", "Asset": "Road", "Value": 400, "Details": null, "Structure": null, "Wall_Material": null, "Condition": null, "Admin1_Region": "Atua", "Admin2_Region": "Falealili", "WindGust_kmph": 111, "Fluvial_Inundation_m": 0.0, "Coastal_Inundation_m": 0.27, "Road_km": 0.0099999999992518556, "Fluvial_Flood_Loss": 0, "Coastal_Flood_Loss": 34, "Loss": 34 }, "geometry": { "type": "LineString", "coordinates": [ [ -171.64214477154124, -14.04023645342178 ], [ -171.64208629999996, -14.040235 ], [ -171.642054099144929, -14.040223983922983 ] ] } },
{ "type": "Feature", "properties": { "UseType": "path", "Asset": "Road", "Value": 400, "Details": null, "Structure": null, "Wall_Material": null, "Condition": null, "Admin1_Region": "Atua", "Admin2_Region": "Falealili", "WindGust_kmph": 111, "Fluvial_Inundation_m": 0.0, "Coastal_Inundation_m": 0.46, "Road_km": 0.0099999999997985676, "Fluvial_Flood_Loss": 0, "Coastal_Flood_Loss": 59, "Loss": 59 }, "geometry": { "type": "LineString", "coordinates": [ [ -171.642054099144929, -14.040223983922983 ], [ -171.641995099999946, -14.0402038 ], [ -171.641969255848522, -14.040188746331342 ] ] } },
{ "type": "Feature", "properties": { "UseType": "footway", "Asset": "Road", "Value": 400, "Details": "Sea Wall", "Structure": null, "Wall_Material": null, "Condition": null, "Admin1_Region": "Tuamasaga", "Admin2_Region": "Vaimauga West", "WindGust_kmph": 96, "Fluvial_Inundation_m": 0.0, "Coastal_Inundation_m": 0.38, "Road_km": 0.009999999999923119, "Fluvial_Flood_Loss": 0, "Coastal_Flood_Loss": 48, "Loss": 48 }, "geometry": { "type": "LineString", "coordinates": [ [ -171.765839099999937, -13.8318919 ], [ -171.765757745889147, -13.831934968005847 ] ] } },
{ "type": "Feature", "properties": { "UseType": "footway", "Asset": "Road", "Value": 400, "Details": "Sea Wall", "Structure": null, "Wall_Material": null, "Condition": null, "Admin1_Region": "Tuamasaga", "Admin2_Region": "Vaimauga West", "WindGust_kmph": 96, "Fluvial_Inundation_m": 0.0, "Coastal_Inundation_m": 0.38, "Road_km": 0.010000000000179459, "Fluvial_Flood_Loss": 0, "Coastal_Flood_Loss": 48, "Loss": 48 }, "geometry": { "type": "LineString", "coordinates": [ [ -171.765757745889147, -13.831934968005847 ], [ -171.765676391747405, -13.831978035986101 ] ] } },
{ "type": "Feature", "properties": { "UseType": "residential", "Asset": "Road", "Value": 953, "Details": null, "Structure": null, "Wall_Material": null, "Condition": null, "Admin1_Region": "Atua", "Admin2_Region": "Anoamaa West", "WindGust_kmph": 120, "Fluvial_Inundation_m": 0.0, "Coastal_Inundation_m": 0.29, "Road_km": 0.010000000000097797, "Fluvial_Flood_Loss": 0, "Coastal_Flood_Loss": 87, "Loss": 87 }, "geometry": { "type": "LineString", "coordinates": [ [ -171.607704987261883, -13.874810885616677 ], [ -171.607637727809021, -13.874872990672031 ] ] } },
{ "type": "Feature", "properties": { "UseType": "residential", "Asset": "Road", "Value": 953, "Details": null, "Structure": null, "Wall_Material": null, "Condition": null, "Admin1_Region": "Atua", "Admin2_Region": "Anoamaa West", "WindGust_kmph": 120, "Fluvial_Inundation_m": 0.0, "Coastal_Inundation_m": 0.32, "Road_km": 0.0099999999992959124, "Fluvial_Flood_Loss": 0, "Coastal_Flood_Loss": 97, "Loss": 97 }, "geometry": { "type": "LineString", "coordinates": [ [ -171.607637727809021, -13.874872990672031 ], [ -171.607570468320347, -13.874935095710054 ] ] } },
{ "type": "Feature", "properties": { "UseType": "residential", "Asset": "Road", "Value": 953, "Details": null, "Structure": null, "Wall_Material": null, "Condition": null, "Admin1_Region": "Atua", "Admin2_Region": "Anoamaa West", "WindGust_kmph": 120, "Fluvial_Inundation_m": 0.0, "Coastal_Inundation_m": 0.77, "Road_km": 0.010000000001624383, "Fluvial_Flood_Loss": 0, "Coastal_Flood_Loss": 189, "Loss": 189 }, "geometry": { "type": "LineString", "coordinates": [ [ -171.607435949235281, -13.875059305734045 ], [ -171.607368689638918, -13.875121410720007 ] ] } },
{ "type": "Feature", "properties": { "UseType": "residential", "Asset": "Road", "Value": 953, "Details": null, "Structure": null, "Wall_Material": null, "Condition": null, "Admin1_Region": "Atua", "Admin2_Region": "Anoamaa West", "WindGust_kmph": 120, "Fluvial_Inundation_m": 0.0, "Coastal_Inundation_m": 0.17, "Road_km": 0.010000000000780095, "Fluvial_Flood_Loss": 0, "Coastal_Flood_Loss": 52, "Loss": 52 }, "geometry": { "type": "LineString", "coordinates": [ [ -171.607368689638918, -13.875121410720007 ], [ -171.607301430006686, -13.875183515688642 ] ] } },
{ "type": "Feature", "properties": { "UseType": "path", "Asset": "Road", "Value": 400, "Details": null, "Structure": null, "Wall_Material": null, "Condition": null, "Admin1_Region": "Tuamasaga", "Admin2_Region": "Falealili", "WindGust_kmph": 112, "Fluvial_Inundation_m": 0.0, "Coastal_Inundation_m": 0.58, "Road_km": 0.0099999999997413998, "Fluvial_Flood_Loss": 0, "Coastal_Flood_Loss": 68, "Loss": 68 }, "geometry": { "type": "LineString", "coordinates": [ [ -171.747554724353563, -14.044784249715002 ], [ -171.747469811425219, -14.044820339537459 ] ] } },
{ "type": "Feature", "properties": { "UseType": "path", "Asset": "Road", "Value": 400, "Details": null, "Structure": null, "Wall_Material": null, "Condition": null, "Admin1_Region": "Tuamasaga", "Admin2_Region": "Falealili", "WindGust_kmph": 112, "Fluvial_Inundation_m": 0.0, "Coastal_Inundation_m": 0.58, "Road_km": 0.009999999997984366, "Fluvial_Flood_Loss": 0, "Coastal_Flood_Loss": 68, "Loss": 68 }, "geometry": { "type": "LineString", "coordinates": [ [ -171.747469811425219, -14.044820339537459 ], [ -171.747441199999969, -14.0448325 ], [ -171.747386032823499, -14.044858827274316 ] ] } },
{ "type": "Feature", "properties": { "UseType": "path", "Asset": "Road", "Value": 400, "Details": null, "Structure": null, "Wall_Material": null, "Condition": null, "Admin1_Region": "Tuamasaga", "Admin2_Region": "Falealili", "WindGust_kmph": 112, "Fluvial_Inundation_m": 0.0, "Coastal_Inundation_m": 0.05, "Road_km": 0.010000000003935529, "Fluvial_Flood_Loss": 0, "Coastal_Flood_Loss": 6, "Loss": 6 }, "geometry": { "type": "LineString", "coordinates": [ [ -171.746528422425143, -14.044839271734443 ], [ -171.746483799999936, -14.0448366 ], [ -171.746438098961647, -14.044822578452518 ] ] } },
{ "type": "Feature", "properties": { "UseType": "path", "Asset": "Road", "Value": 400, "Details": null, "Structure": null, "Wall_Material": null, "Condition": null, "Admin1_Region": "Tuamasaga", "Admin2_Region": "Falealili", "WindGust_kmph": 112, "Fluvial_Inundation_m": 0.0, "Coastal_Inundation_m": 0.05, "Road_km": 0.0099999999981599894, "Fluvial_Flood_Loss": 0, "Coastal_Flood_Loss": 6, "Loss": 6 }, "geometry": { "type": "LineString", "coordinates": [ [ -171.746438098961647, -14.044822578452518 ], [ -171.746349748265061, -14.044795471522425 ] ] } },
{ "type": "Feature", "properties": { "UseType": "path", "Asset": "Road", "Value": 400, "Details": null, "Structure": null, "Wall_Material": null, "Condition": null, "Admin1_Region": "Vaisigano", "Admin2_Region": "Falealupo", "WindGust_kmph": 120, "Fluvial_Inundation_m": 0.0, "Coastal_Inundation_m": 0.15, "Road_km": 0.010000000000881975, "Fluvial_Flood_Loss": 0, "Coastal_Flood_Loss": 18, "Loss": 18 }, "geometry": { "type": "LineString", "coordinates": [ [ -172.784265484014469, -13.499164588055455 ], [ -172.784174510903256, -13.499148976996402 ] ] } },
{ "type": "Feature", "properties": { "UseType": "path", "Asset": "Road", "Value": 400, "Details": null, "Structure": null, "Wall_Material": null, "Condition": null, "Admin1_Region": "Tuamasaga", "Admin2_Region": "Vaimauga West", "WindGust_kmph": 103, "Fluvial_Inundation_m": 0.0, "Coastal_Inundation_m": 0.06, "Road_km": 0.010000000000847449, "Fluvial_Flood_Loss": 0, "Coastal_Flood_Loss": 8, "Loss": 8 }, "geometry": { "type": "LineString", "coordinates": [ [ -171.744769406795712, -13.839415995554932 ], [ -171.744760099999979, -13.8394127 ], [ -171.74468392134969, -13.839381423120793 ] ] } },
{ "type": "Feature", "properties": { "UseType": "path", "Asset": "Road", "Value": 400, "Details": null, "Structure": null, "Wall_Material": null, "Condition": null, "Admin1_Region": "Tuamasaga", "Admin2_Region": "Vaimauga West", "WindGust_kmph": 103, "Fluvial_Inundation_m": 0.0, "Coastal_Inundation_m": 0.06, "Road_km": 0.010000000000110879, "Fluvial_Flood_Loss": 0, "Coastal_Flood_Loss": 8, "Loss": 8 }, "geometry": { "type": "LineString", "coordinates": [ [ -171.74468392134969, -13.839381423120793 ], [ -171.744598616553958, -13.839346399255964 ] ] } },
{ "type": "Feature", "properties": { "UseType": "path", "Asset": "Road", "Value": 400, "Details": null, "Structure": null, "Wall_Material": null, "Condition": null, "Admin1_Region": "Tuamasaga", "Admin2_Region": "Vaimauga West", "WindGust_kmph": 87, "Fluvial_Inundation_m": 0.0, "Coastal_Inundation_m": 0.07, "Road_km": 0.0099999999989229139, "Fluvial_Flood_Loss": 0, "Coastal_Flood_Loss": 8, "Loss": 8 }, "geometry": { "type": "LineString", "coordinates": [ [ -171.746287524248345, -13.840034818370359 ], [ -171.746195024921292, -13.840032513327612 ] ] } },
{ "type": "Feature", "properties": { "UseType": "path", "Asset": "Road", "Value": 124, "Details": null, "Structure": null, "Wall_Material": null, "Condition": null, "Admin1_Region": "Tuamasaga", "Admin2_Region": "Vaimauga West", "WindGust_kmph": 87, "Fluvial_Inundation_m": 0.0, "Coastal_Inundation_m": 0.07, "Road_km": 0.0030946086047189854, "Fluvial_Flood_Loss": 0, "Coastal_Flood_Loss": 2, "Loss": 2 }, "geometry": { "type": "LineString", "coordinates": [ [ -171.746195024921292, -13.840032513327612 ], [ -171.746166399999936, -13.8400318 ] ] } },
{ "type": "Feature", "properties": { "UseType": "path", "Asset": "Road", "Value": 400, "Details": null, "Structure": null, "Wall_Material": null, "Condition": null, "Admin1_Region": "Tuamasaga", "Admin2_Region": "Vaimauga West", "WindGust_kmph": 148, "Fluvial_Inundation_m": 0.0, "Coastal_Inundation_m": 0.44, "Road_km": 0.010000000003731664, "Fluvial_Flood_Loss": 0, "Coastal_Flood_Loss": 56, "Loss": 56 }, "geometry": { "type": "LineString", "coordinates": [ [ -171.766622298718602, -13.82875442218096 ], [ -171.766621, -13.8287093 ], [ -171.766665370869248, -13.828696271972667 ] ] } },
{ "type": "Feature", "properties": { "UseType": "path", "Asset": "Road", "Value": 400, "Details": null, "Structure": null, "Wall_Material": null, "Condition": null, "Admin1_Region": "Tuamasaga", "Admin2_Region": "Vaimauga West", "WindGust_kmph": 148, "Fluvial_Inundation_m": 0.0, "Coastal_Inundation_m": 0.39, "Road_km": 0.0099999999964666946, "Fluvial_Flood_Loss": 0, "Coastal_Flood_Loss": 49, "Loss": 49 }, "geometry": { "type": "LineString", "coordinates": [ [ -171.766665370869248, -13.828696271972667 ], [ -171.76675398174325, -13.828670254314035 ] ] } },
{ "type": "Feature", "properties": { "UseType": "path", "Asset": "Road", "Value": 400, "Details": null, "Structure": null, "Wall_Material": null, "Condition": null, "Admin1_Region": "Tuamasaga", "Admin2_Region": "Vaimauga West", "WindGust_kmph": 129, "Fluvial_Inundation_m": 0.0, "Coastal_Inundation_m": 0.6, "Road_km": 0.0099999999999831075, "Fluvial_Flood_Loss": 0, "Coastal_Flood_Loss": 69, "Loss": 69 }, "geometry": { "type": "LineString", "coordinates": [ [ -171.766131724117912, -13.829132907866121 ], [ -171.766138836171478, -13.829042761798314 ] ] } },
{ "type": "Feature", "properties": { "UseType": "path", "Asset": "Road", "Value": 400, "Details": null, "Structure": null, "Wall_Material": null, "Condition": null, "Admin1_Region": "Tuamasaga", "Admin2_Region": "Vaimauga West", "WindGust_kmph": 138, "Fluvial_Inundation_m": 0.0, "Coastal_Inundation_m": 0.61, "Road_km": 0.0099999999999530412, "Fluvial_Flood_Loss": 0, "Coastal_Flood_Loss": 70, "Loss": 70 }, "geometry": { "type": "LineString", "coordinates": [ [ -171.766138836171478, -13.829042761798314 ], [ -171.766141199999964, -13.8290128 ], [ -171.766092053387979, -13.828976231590911 ] ] } },
{ "type": "Feature", "properties": { "UseType": "path", "Asset": "Road", "Value": 400, "Details": null, "Structure": null, "Wall_Material": null, "Condition": null, "Admin1_Region": "Tuamasaga", "Admin2_Region": "Vaimauga West", "WindGust_kmph": 138, "Fluvial_Inundation_m": 0.0, "Coastal_Inundation_m": 0.44, "Road_km": 0.0099999999996019523, "Fluvial_Flood_Loss": 0, "Coastal_Flood_Loss": 55, "Loss": 55 }, "geometry": { "type": "LineString", "coordinates": [ [ -171.766092053387979, -13.828976231590911 ], [ -171.766082199999971, -13.8289689 ], [ -171.766105993708692, -13.828894119789517 ] ] } },
{ "type": "Feature", "properties": { "UseType": "path", "Asset": "Road", "Value": 400, "Details": null, "Structure": null, "Wall_Material": null, "Condition": null, "Admin1_Region": "Tuamasaga", "Admin2_Region": "Vaimauga West", "WindGust_kmph": 138, "Fluvial_Inundation_m": 0.0, "Coastal_Inundation_m": 0.51, "Road_km": 0.0099999999994185695, "Fluvial_Flood_Loss": 0, "Coastal_Flood_Loss": 64, "Loss": 64 }, "geometry": { "type": "LineString", "coordinates": [ [ -171.766105993708692, -13.828894119789517 ], [ -171.766123499999964, -13.8288391 ], [ -171.766153799797422, -13.828824997047148 ] ] } },
{ "type": "Feature", "properties": { "UseType": "footway", "Asset": "Road", "Value": 400, "Details": null, "Structure": null, "Wall_Material": null, "Condition": null, "Admin1_Region": "Tuamasaga", "Admin2_Region": "Vaimauga West", "WindGust_kmph": 138, "Fluvial_Inundation_m": 0.0, "Coastal_Inundation_m": 0.44, "Road_km": 0.010000000002664954, "Fluvial_Flood_Loss": 0, "Coastal_Flood_Loss": 55, "Loss": 55 }, "geometry": { "type": "LineString", "coordinates": [ [ -171.766472646511687, -13.828942499483885 ], [ -171.766404699999953, -13.8289861 ], [ -171.766400755176051, -13.828996382607428 ] ] } },
{ "type": "Feature", "properties": { "UseType": "path", "Asset": "Road", "Value": 400, "Details": null, "Structure": null, "Wall_Material": null, "Condition": null, "Admin1_Region": "Tuamasaga", "Admin2_Region": "Vaimauga West", "WindGust_kmph": 129, "Fluvial_Inundation_m": 0.0, "Coastal_Inundation_m": 0.6, "Road_km": 0.0099999999999778599, "Fluvial_Flood_Loss": 0, "Coastal_Flood_Loss": 69, "Loss": 69 }, "geometry": { "type": "LineString", "coordinates": [ [ -171.766141199999964, -13.8290128 ], [ -171.766178599999932, -13.829041500000011 ], [ -171.766216826966371, -13.829018353407495 ] ] } },
{ "type": "Feature", "properties": { "UseType": "path", "Asset": "Road", "Value": 400, "Details": null, "Structure": null, "Wall_Material": null, "Condition": null, "Admin1_Region": "Tuamasaga", "Admin2_Region": "Vaimauga West", "WindGust_kmph": 138, "Fluvial_Inundation_m": 0.0, "Coastal_Inundation_m": 0.44, "Road_km": 0.0099999999992829765, "Fluvial_Flood_Loss": 0, "Coastal_Flood_Loss": 55, "Loss": 55 }, "geometry": { "type": "LineString", "coordinates": [ [ -171.766295476485965, -13.82897073075285 ], [ -171.766298499999948, -13.8289689 ], [ -171.766386270361039, -13.828983115165574 ] ] } },
{ "type": "Feature", "properties": { "UseType": "path", "Asset": "Road", "Value": 81, "Details": null, "Structure": null, "Wall_Material": null, "Condition": null, "Admin1_Region": "Tuamasaga", "Admin2_Region": "Vaimauga West", "WindGust_kmph": 138, "Fluvial_Inundation_m": 0.0, "Coastal_Inundation_m": 0.44, "Road_km": 0.0020190357034858171, "Fluvial_Flood_Loss": 0, "Coastal_Flood_Loss": 11, "Loss": 11 }, "geometry": { "type": "LineString", "coordinates": [ [ -171.766386270361039, -13.828983115165574 ], [ -171.766404699999953, -13.8289861 ] ] } },
{ "type": "Feature", "properties": { "UseType": "footway", "Asset": "Road", "Value": 400, "Details": null, "Structure": null, "Wall_Material": null, "Condition": null, "Admin1_Region": "Tuamasaga", "Admin2_Region": "Vaimauga West", "WindGust_kmph": 149, "Fluvial_Inundation_m": 0.0, "Coastal_Inundation_m": 0.15, "Road_km": 0.010000000000558949, "Fluvial_Flood_Loss": 0, "Coastal_Flood_Loss": 19, "Loss": 19 }, "geometry": { "type": "LineString", "coordinates": [ [ -171.767490716281969, -13.829050816035078 ], [ -171.767557059070697, -13.828987793834264 ] ] } },
{ "type": "Feature", "properties": { "UseType": "footway", "Asset": "Road", "Value": 400, "Details": null, "Structure": null, "Wall_Material": null, "Condition": null, "Admin1_Region": "Tuamasaga", "Admin2_Region": "Vaimauga West", "WindGust_kmph": 149, "Fluvial_Inundation_m": 0.0, "Coastal_Inundation_m": 0.15, "Road_km": 0.0099999999981726494, "Fluvial_Flood_Loss": 0, "Coastal_Flood_Loss": 19, "Loss": 19 }, "geometry": { "type": "LineString", "coordinates": [ [ -171.767557059070697, -13.828987793834264 ], [ -171.767558, -13.8289869 ], [ -171.767648632354621, -13.828996935437777 ] ] } },
{ "type": "Feature", "properties": { "UseType": "steps", "Asset": "Road", "Value": 269, "Details": null, "Structure": null, "Wall_Material": null, "Condition": null, "Admin1_Region": "Atua", "Admin2_Region": "Aleipata itupa i Lalo", "WindGust_kmph": 87, "Fluvial_Inundation_m": 0.0, "Coastal_Inundation_m": 0.32, "Road_km": 0.0067173672873878524, "Fluvial_Flood_Loss": 0, "Coastal_Flood_Loss": 27, "Loss": 27 }, "geometry": { "type": "LineString", "coordinates": [ [ -171.4243119, -14.0149284 ], [ -171.424373, -14.0149398 ] ] } }
]
}
